Variant ID,HGVSp/c,Consequence,AC Case,AN Case,AC Control,AN Control,AF Case,AF Control,No. de novos,P-Val,Estimate,In Analysis
8-31496955-G-A,,,1,48496,0,194644,0.000020620257340811613,0,0,,,
8-31496961-C-A,,,2,48496,0,194644,0.000041240514681623226,0,0,,,
8-31496964-G-A,,,0,48496,1,194644,0,0.000005137584513265243,0,,,
8-31497672-G-A,,,702,4776,1013,6518,0.14698492462311558,0.15541577170911322,,0.27118,0.061242,
8-31498002-T-A,,,0,48496,1,194644,0,0.000005137584513265243,0,,,
8-31498002-T-C,,,0,48496,1,194644,0,0.000005137584513265243,0,,,
8-31498006-C-A,,,1,48496,0,194644,0.000020620257340811613,0,0,,,
8-31498007-G-A,,,1,48496,0,194644,0.000020620257340811613,0,0,,,
8-31498007-G-C,,,0,48496,1,194644,0,0.000005137584513265243,0,,,
8-31498010-G-A,,,0,48496,1,194644,0,0.000005137584513265243,0,,,
8-31498015-C-G,,,0,48496,4,194644,0,0.000020550338053060972,0,,,
8-31498018-G-A,,,0,48496,1,194644,0,0.000005137584513265243,0,,,
8-31498019-G-A,,,1,48496,0,194644,0.000020620257340811613,0,0,,,
8-31498021-G-A,,,0,48496,1,194644,0,0.000005137584513265243,0,,,
8-31498030-A-G,,,2,48496,2,194644,0.000041240514681623226,0.000010275169026530486,0,,,
8-31498033-A-G,,,0,48496,2,194644,0,0.000010275169026530486,0,,,
8-31498039-T-A,,,0,48496,2,194644,0,0.000010275169026530486,0,,,
8-31498042-TCA-T,,,0,48496,1,194644,0,0.000005137584513265243,0,,,
8-31498046-C-G,,,0,48496,1,194644,0,0.000005137584513265243,0,,,
8-31498046-C-T,,,0,48496,1,194644,0,0.000005137584513265243,0,,,
8-31498054-T-C,,,0,48496,1,194644,0,0.000005137584513265243,0,,,
8-31498061-C-T,,,0,48496,1,194644,0,0.000005137584513265243,0,,,
8-31498062-T-A,,,0,48496,1,194644,0,0.000005137584513265243,0,,,
8-31498065-G-C,,,1,48496,4,194644,0.000020620257340811613,0.000020550338053060972,0,,,
8-31498066-G-A,,,1,48496,0,194644,0.000020620257340811613,0,0,,,
8-31498070-C-T,,,0,48496,1,194644,0,0.000005137584513265243,0,,,
8-31498071-C-T,,,0,48496,1,194644,0,0.000005137584513265243,0,,,
8-31498076-C-T,,,0,48496,2,194644,0,0.000010275169026530486,0,,,
8-31498080-C-T,,,1,48496,0,194644,0.000020620257340811613,0,0,,,
8-31498081-C-T,,,0,48496,1,194644,0,0.000005137584513265243,0,,,
8-31498091-G-A,,,0,48496,1,194644,0,0.000005137584513265243,0,,,
8-31498094-G-A,,,0,48496,1,194644,0,0.000005137584513265243,0,,,
8-31498095-C-T,,,0,48496,1,194644,0,0.000005137584513265243,0,,,
8-31498107-A-G,,,2,48496,5,194644,0.000041240514681623226,0.000025687922566326217,0,,,
8-31498111-G-T,,,0,48496,2,194644,0,0.000010275169026530486,0,,,
8-31498113-T-C,,,1,48496,0,194644,0.000020620257340811613,0,0,,,
8-31498116-ATCT-A,,,1,48496,0,194644,0.000020620257340811613,0,0,,,
8-31498128-G-A,,,0,48496,2,194644,0,0.000010275169026530486,0,,,
8-31498130-G-T,,,1,48496,1,194644,0.000020620257340811613,0.000005137584513265243,0,,,
8-31498131-C-G,,,1,48496,0,194644,0.000020620257340811613,0,0,,,
8-31498131-C-T,,,0,48496,2,194644,0,0.000010275169026530486,0,,,
8-31498132-C-T,,,0,48496,5,194644,0,0.000025687922566326217,0,,,
8-31498140-A-G,,,0,48496,1,194644,0,0.000005137584513265243,0,,,
8-31498142-C-G,,,0,48496,1,194644,0,0.000005137584513265243,0,,,
8-31498145-C-A,,,0,48496,1,194644,0,0.000005137584513265243,0,,,
8-31498148-C-T,,,1,48496,0,194644,0.000020620257340811613,0,0,,,
8-31498152-C-A,,,1,48496,3,194644,0.000020620257340811613,0.00001541275353979573,0,,,
8-31498156-C-T,,,0,48496,1,194644,0,0.000005137584513265243,0,,,
8-31498160-G-C,,,0,48496,1,194644,0,0.000005137584513265243,0,,,
8-31498166-C-T,,,0,48496,1,194644,0,0.000005137584513265243,0,,,
8-31498168-T-A,,,1,48496,2,194644,0.000020620257340811613,0.000010275169026530486,0,,,
8-31498169-C-T,,,1,48496,0,194644,0.000020620257340811613,0,0,,,
8-31498170-C-T,,,0,48496,2,194644,0,0.000010275169026530486,0,,,
8-31498171-G-A,,,0,48496,3,194644,0,0.00001541275353979573,0,,,
8-31498178-T-C,,,0,48496,1,194644,0,0.000005137584513265243,0,,,
8-31498181-C-A,,,0,48496,1,194644,0,0.000005137584513265243,0,,,
8-31498181-C-T,,,1,48496,0,194644,0.000020620257340811613,0,0,,,
8-31498183-C-A,,,0,48496,1,194644,0,0.000005137584513265243,0,,,
8-31498184-C-T,,,0,48496,6,194644,0,0.00003082550707959146,0,,,
8-31498185-C-A,,,0,48496,1,194644,0,0.000005137584513265243,0,,,
8-31498185-C-T,,,0,48496,5,194644,0,0.000025687922566326217,0,,,
8-31498186-C-G,,,0,48496,1,194644,0,0.000005137584513265243,0,,,
8-31498186-C-T,,,0,48496,1,194644,0,0.000005137584513265243,0,,,
8-31498189-T-C,,,0,48496,1,194644,0,0.000005137584513265243,0,,,
8-31498190-G-A,,,1,48496,1,194644,0.000020620257340811613,0.000005137584513265243,0,,,
8-31498193-G-A,,,0,48496,1,194644,0,0.000005137584513265243,0,,,
8-31498196-G-A,,,0,48496,1,194644,0,0.000005137584513265243,0,,,
8-31498196-G-T,,,0,48496,2,194644,0,0.000010275169026530486,0,,,
8-31498202-G-C,,,0,48496,3,194644,0,0.00001541275353979573,0,,,
8-31498206-C-T,,,0,48496,1,194644,0,0.000005137584513265243,0,,,
8-31498208-CAAG-C,,,0,48496,1,194644,0,0.000005137584513265243,0,,,
8-31498210-A-G,,,0,48496,1,194644,0,0.000005137584513265243,0,,,
8-31498212-AAGG-A,,,0,48496,2,194644,0,0.000010275169026530486,0,,,
8-31498218-G-A,,,0,48496,1,194644,0,0.000005137584513265243,0,,,
8-31498222-G-T,,,0,48496,1,194644,0,0.000005137584513265243,0,,,
8-31498226-G-T,,,0,48496,1,194644,0,0.000005137584513265243,0,,,
8-31498229-G-A,,,1,48496,0,194644,0.000020620257340811613,0,0,,,
8-31498232-G-C,,,0,48496,1,194644,0,0.000005137584513265243,0,,,
8-31498236-A-C,,,1,48496,0,194644,0.000020620257340811613,0,0,,,
8-31498263-G-A,,,0,48496,1,194644,0,0.000005137584513265243,0,,,
8-31498288-G-T,,,1,48496,0,194644,0.000020620257340811613,0,0,,,
8-31498293-A-G,,,0,48496,1,194644,0,0.000005137584513265243,0,,,
8-32406214-C-A,c.-31C>A,"5' UTR",1,48496,0,194644,0.000020620257340811613,0,0,,,
8-32406271-C-T,c.27C>T(p.=),synonymous,1,48496,0,194644,0.000020620257340811613,0,0,,,
8-32406300-G-A,p.Gly19Asp,missense (MPC < 2),0,48496,1,194644,0,0.000005137584513265243,0,,,
8-32406333-G-T,p.Ser30Ile,missense (MPC < 2),2,48496,0,194644,0.000041240514681623226,0,0,,,
8-32406339-G-A,p.Ser32Asn,missense (MPC < 2),1,48496,0,194644,0.000020620257340811613,0,0,,,
8-32406382-T-C,c.100+38T>C,intron,7649,18690,11469,24380,0.4092562867843767,0.47042657916324854,,0.3582,-0.02433,
8-32453295-A-G,c.101-51A>G,intron,2,48496,0,194644,0.000041240514681623226,0,0,,,
8-32453299-A-G,c.101-47A>G,intron,1,48496,0,194644,0.000020620257340811613,0,0,,,
8-32453300-T-G,c.101-46T>G,intron,0,48496,1,194644,0,0.000005137584513265243,0,,,
8-32453343-T-C,c.101-3T>C,splice region,2,48496,1,194644,0.000041240514681623226,0.000005137584513265243,0,,,
8-32453356-C-T,c.111C>T(p.=),synonymous,0,48496,1,194644,0,0.000005137584513265243,0,,,
8-32453358-G-A,p.Arg38Gln,missense (MPC < 2),14878,42154,28082,77968,0.3529439673577834,0.3601734044736302,,0.24078,0.012369,
8-32453375-A-T,p.Ser44Cys,missense (MPC < 2),0,48496,1,194644,0,0.000005137584513265243,0,,,
8-32453385-C-T,p.Ser47Leu,missense (MPC < 2),2,48496,4,194644,0.000041240514681623226,0.000020550338053060972,0,,,
8-32453387-G-A,p.Ala48Thr,missense (MPC < 2),0,48496,1,194644,0,0.000005137584513265243,0,,,
8-32453398-C-A,c.153C>A(p.=),synonymous,2,48496,2,194644,0.000041240514681623226,0.000010275169026530486,0,,,
8-32453405-G-T,p.Val54Phe,missense (MPC < 2),0,48496,1,194644,0,0.000005137584513265243,0,,,
8-32453406-T-C,p.Val54Ala,missense (MPC < 2),0,48496,1,194644,0,0.000005137584513265243,0,,,
8-32453407-C-T,c.162C>T(p.=),synonymous,0,48496,5,194644,0,0.000025687922566326217,0,,,
8-32453412-G-A,p.Arg56Gln,missense (MPC < 2),0,48496,2,194644,0,0.000010275169026530486,0,,,
8-32453412-G-T,p.Arg56Leu,missense (MPC < 2),0,48496,2,194644,0,0.000010275169026530486,0,,,
8-32453420-A-C,p.Thr59Pro,missense (MPC < 2),0,48496,1,194644,0,0.000005137584513265243,0,,,
8-32453424-G-T,p.Ser60Ile,missense (MPC < 2),2,48496,0,194644,0.000041240514681623226,0,0,,,
8-32453427-C-T,p.Ser61Phe,missense (MPC < 2),0,48496,1,194644,0,0.000005137584513265243,0,,,
8-32453429-G-A,p.Glu62Lys,missense (MPC < 2),1,48496,0,194644,0.000020620257340811613,0,0,,,
8-32453435-T-A,p.Ser64Thr,missense (MPC < 2),1,48496,2,194644,0.000020620257340811613,0.000010275169026530486,0,,,
8-32453437-C-T,c.192C>T(p.=),synonymous,0,48496,1,194644,0,0.000005137584513265243,0,,,
8-32453441-C-G,p.Leu66Val,missense (MPC < 2),1,48496,2,194644,0.000020620257340811613,0.000010275169026530486,0,,,
8-32453443-C-T,c.198C>T(p.=),synonymous,0,48496,1,194644,0,0.000005137584513265243,0,,,
8-32453450-A-C,p.Lys69Gln,missense (MPC < 2),0,48496,1,194644,0,0.000005137584513265243,0,,,
8-32453456-T-C,p.Phe71Leu,missense (MPC < 2),0,48496,2,194644,0,0.000010275169026530486,0,,,
8-32453461-G-A,c.216G>A(p.=),synonymous,1,48496,0,194644,0.000020620257340811613,0,0,,,
8-32453464-T-C,c.219T>C(p.=),synonymous,0,48496,3,194644,0,0.00001541275353979573,0,,,
8-32453469-A-G,p.Asn75Ser,missense (MPC < 2),0,48496,1,194644,0,0.000005137584513265243,0,,,
8-32453474-T-C,c.229T>C(p.=),synonymous,0,48496,4,194644,0,0.000020550338053060972,0,,,
8-32453488-C-A,p.Asn81Lys,missense (MPC < 2),0,48496,1,194644,0,0.000005137584513265243,0,,,
8-32453511-A-G,p.Gln89Arg,missense (MPC < 2),0,48496,1,194644,0,0.000005137584513265243,0,,,
8-32453517-A-G,p.Lys91Arg,missense (MPC < 2),0,48496,1,194644,0,0.000005137584513265243,0,,,
8-32453519-C-T,p.Pro92Ser,missense (MPC < 2),0,48496,1,194644,0,0.000005137584513265243,0,,,
8-32453535-G-A,c.278+12G>A,intron,0,48496,1,194644,0,0.000005137584513265243,0,,,
8-32453543-T-A,c.278+20T>A,intron,0,48496,3,194644,0,0.00001541275353979573,0,,,
8-32453545-G-A,c.278+22G>A,intron,0,48496,1,194644,0,0.000005137584513265243,0,,,
8-32453546-T-G,c.278+23T>G,intron,0,48496,1,194644,0,0.000005137584513265243,0,,,
8-32453552-C-G,c.278+29C>G,intron,1,48496,1,194644,0.000020620257340811613,0.000005137584513265243,0,,,
8-32453554-G-GC,c.278+36dupC,intron,0,48496,1,194644,0,0.000005137584513265243,0,,,
8-32453554-G-T,c.278+31G>T,intron,1,48496,1,194644,0.000020620257340811613,0.000005137584513265243,0,,,
8-32453559-C-T,c.278+36C>T,intron,0,48496,3,194644,0,0.00001541275353979573,0,,,
8-32453570-T-C,c.278+47T>C,intron,1,48496,0,194644,0.000020620257340811613,0,0,,,
8-32453572-A-G,c.278+49A>G,intron,0,48496,1,194644,0,0.000005137584513265243,0,,,
8-32453574-A-G,c.278+51A>G,intron,1,48496,0,194644,0.000020620257340811613,0,0,,,
8-32463031-T-C,c.279-49T>C,intron,1,48496,0,194644,0.000020620257340811613,0,0,,,
8-32463031-T-G,c.279-49T>G,intron,0,48496,5,194644,0,0.000025687922566326217,0,,,
8-32463033-G-A,c.279-47G>A,intron,0,48496,1,194644,0,0.000005137584513265243,0,,,
8-32463037-T-C,c.279-43T>C,intron,0,48496,1,194644,0,0.000005137584513265243,0,,,
8-32463045-T-G,c.279-35T>G,intron,0,48496,1,194644,0,0.000005137584513265243,0,,,
8-32463047-T-C,c.279-33T>C,intron,0,48496,1,194644,0,0.000005137584513265243,0,,,
8-32463076-A-G,c.279-4A>G,splice region,0,48496,3,194644,0,0.00001541275353979573,0,,,
8-32463077-T-C,c.279-3T>C,splice region,3,48496,1,194644,0.00006186077202243484,0.000005137584513265243,0,,,
8-32463083-G-A,c.282G>A(p.=),synonymous,0,48496,2,194644,0,0.000010275169026530486,0,,,
8-32463089-A-C,p.Glu96Asp,missense (MPC < 2),0,48496,1,194644,0,0.000005137584513265243,0,,,
8-32463093-C-A,p.Arg98Ser,missense (MPC < 2),1,48496,0,194644,0.000020620257340811613,0,0,,,
8-32463094-G-T,p.Arg98Leu,missense (MPC < 2),0,48496,1,194644,0,0.000005137584513265243,0,,,
8-32463104-A-G,c.303A>G(p.=),synonymous,1,48496,0,194644,0.000020620257340811613,0,0,,,
8-32463108-T-A,p.Ser103Thr,missense (MPC < 2),0,48496,1,194644,0,0.000005137584513265243,0,,,
8-32463110-A-G,c.309A>G(p.=),synonymous,0,48496,4,194644,0,0.000020550338053060972,0,,,
8-32463120-T-C,p.Ser107Pro,missense (MPC < 2),1,48496,0,194644,0.000020620257340811613,0,0,,,
8-32463128-G-C,p.Glu109Asp,missense (MPC < 2),0,48496,1,194644,0,0.000005137584513265243,0,,,
8-32463133-T-C,p.Met111Thr,missense (MPC < 2),2,48496,5,194644,0.000041240514681623226,0.000025687922566326217,0,,,
8-32463157-G-A,p.Gly119Glu,missense (MPC < 2),0,48496,1,194644,0,0.000005137584513265243,0,,,
8-32463167-T-C,c.366T>C(p.=),synonymous,0,48496,1,194644,0,0.000005137584513265243,0,,,
8-32463178-A-G,p.Asn126Ser,missense (MPC < 2),0,48496,3,194644,0,0.00001541275353979573,0,,,
8-32463185-C-A,c.384C>A(p.=),synonymous,1,48496,0,194644,0.000020620257340811613,0,0,,,
8-32463186-A-G,p.Ile129Val,missense (MPC < 2),2,48496,2,194644,0.000041240514681623226,0.000010275169026530486,0,,,
8-32463193-A-C,p.Glu131Ala,missense (MPC < 2),0,48496,1,194644,0,0.000005137584513265243,0,,,
8-32463201-G-A,p.Glu134Lys,missense (MPC < 2),0,48496,5,194644,0,0.000025687922566326217,0,,,
8-32463206-G-C,c.400+5G>C,splice region,1,48496,1,194644,0.000020620257340811613,0.000005137584513265243,0,,,
8-32463212-C-G,c.400+11C>G,intron,0,48496,1,194644,0,0.000005137584513265243,0,,,
8-32463216-C-T,c.400+15C>T,intron,17,15666,39,27206,0.0010851525596833908,0.001433507314562964,,0.9231,0.10143,
8-32463226-T-C,c.400+25T>C,intron,2,48496,1,194644,0.000041240514681623226,0.000005137584513265243,0,,,
8-32463229-C-T,c.400+28C>T,intron,0,48496,1,194644,0,0.000005137584513265243,0,,,
8-32463231-C-T,c.400+30C>T,intron,2,48496,0,194644,0.000041240514681623226,0,0,,,
8-32463246-G-T,c.400+45G>T,intron,1,48496,0,194644,0.000020620257340811613,0,0,,,
8-32471991-C-T,c.401-41C>T,intron,0,48496,1,194644,0,0.000005137584513265243,0,,,
8-32471992-T-A,c.401-40T>A,intron,2,48496,5,194644,0.000041240514681623226,0.000025687922566326217,0,,,
8-32471993-G-A,c.401-39G>A,intron,0,48496,1,194644,0,0.000005137584513265243,0,,,
8-32471997-A-G,c.401-35A>G,intron,0,48496,1,194644,0,0.000005137584513265243,0,,,
8-32471998-T-C,c.401-34T>C,intron,0,48496,7,194644,0,0.0000359630915928567,0,,,
8-32471999-A-G,c.401-33A>G,intron,1,48496,0,194644,0.000020620257340811613,0,0,,,
8-32472002-T-C,c.401-30T>C,intron,0,48496,1,194644,0,0.000005137584513265243,0,,,
8-32472004-A-C,c.401-28A>C,intron,0,48496,1,194644,0,0.000005137584513265243,0,,,
8-32472006-A-G,c.401-26A>G,intron,0,48496,2,194644,0,0.000010275169026530486,0,,,
8-32472015-T-A,c.401-17T>A,intron,1,48496,1,194644,0.000020620257340811613,0.000005137584513265243,0,,,
8-32472015-T-C,c.401-17T>C,intron,1,48496,0,194644,0.000020620257340811613,0,0,,,
8-32472016-C-A,c.401-16C>A,intron,1,48496,2,194644,0.000020620257340811613,0.000010275169026530486,0,,,
8-32472020-T-G,c.401-12T>G,intron,0,48496,2,194644,0,0.000010275169026530486,0,,,
8-32472021-T-G,c.401-11T>G,intron,0,48496,1,194644,0,0.000005137584513265243,0,,,
8-32472023-T-G,c.401-9T>G,intron,1,48496,0,194644,0.000020620257340811613,0,0,,,
8-32472029-C-A,c.401-3C>A,splice region,0,48496,1,194644,0,0.000005137584513265243,0,,,
8-32472040-A-G,p.Thr137Ala,missense (MPC < 2),0,48496,1,194644,0,0.000005137584513265243,0,,,
8-32472045-T-C,c.414T>C(p.=),synonymous,120,6700,71,8014,0.01791044776119403,0.00885949588220614,,0.76986,-0.007047,
8-32472048-G-A,p.Met139Ile,missense (MPC < 2),0,48496,1,194644,0,0.000005137584513265243,0,,,
8-32472049-C-T,p.Pro140Ser,missense (MPC < 2),0,48496,1,194644,0,0.000005137584513265243,0,,,
8-32472058-A-G,p.Thr143Ala,missense (MPC < 2),1,48496,0,194644,0.000020620257340811613,0,0,,,
8-32472066-A-G,c.435A>G(p.=),synonymous,0,48496,1,194644,0,0.000005137584513265243,0,,,
8-32472068-C-A,p.Ala146Glu,missense (MPC < 2),0,48496,1,194644,0,0.000005137584513265243,0,,,
8-32472073-G-C,p.Val148Leu,missense (MPC < 2),0,48496,1,194644,0,0.000005137584513265243,0,,,
8-32472088-G-A,c.451+6G>A,splice region,0,48496,3,194644,0,0.00001541275353979573,0,,,
8-32472089-A-G,c.451+7A>G,splice region,2,48496,3,194644,0.000041240514681623226,0.00001541275353979573,0,,,
8-32472091-A-T,c.451+9A>T,intron,1,48496,4,194644,0.000020620257340811613,0.000020550338053060972,0,,,
8-32472094-A-C,c.451+12A>C,intron,0,48496,1,194644,0,0.000005137584513265243,0,,,
8-32472099-T-C,c.451+17T>C,intron,2,48496,1,194644,0.000041240514681623226,0.000005137584513265243,0,,,
8-32472102-C-A,c.451+20C>A,intron,0,48496,1,194644,0,0.000005137584513265243,0,,,
8-32472105-A-C,c.451+23A>C,intron,0,48496,2,194644,0,0.000010275169026530486,0,,,
8-32472105-A-T,c.451+23A>T,intron,1,48496,0,194644,0.000020620257340811613,0,0,,,
8-32472111-C-T,c.451+29C>T,intron,0,48496,1,194644,0,0.000005137584513265243,0,,,
8-32472114-A-G,c.451+32A>G,intron,0,48496,1,194644,0,0.000005137584513265243,0,,,
8-32472117-A-C,c.451+35A>C,intron,0,48496,2,194644,0,0.000010275169026530486,0,,,
8-32472123-A-G,c.451+41A>G,intron,1,48496,0,194644,0.000020620257340811613,0,0,,,
8-32472126-A-G,c.451+44A>G,intron,0,48496,1,194644,0,0.000005137584513265243,0,,,
8-32472134-T-G,c.451+52T>G,intron,1,48496,0,194644,0.000020620257340811613,0,0,,,
8-32474305-C-T,c.452-48C>T,intron,1,48496,1,194644,0.000020620257340811613,0.000005137584513265243,0,,,
8-32474306-A-G,c.452-47A>G,intron,0,48496,1,194644,0,0.000005137584513265243,0,,,
8-32474307-A-G,c.452-46A>G,intron,120,6696,71,8016,0.017921146953405017,0.008857285429141716,,0.76241,-0.0051342,
8-32474308-G-A,c.452-45G>A,intron,0,48496,1,194644,0,0.000005137584513265243,0,,,
8-32474309-C-A,c.452-44C>A,intron,0,48496,1,194644,0,0.000005137584513265243,0,,,
8-32474311-G-A,c.452-42G>A,intron,1,48496,0,194644,0.000020620257340811613,0,0,,,
8-32474313-A-G,c.452-40A>G,intron,0,48496,5,194644,0,0.000025687922566326217,0,,,
8-32474319-C-A,c.452-34C>A,intron,0,48496,1,194644,0,0.000005137584513265243,0,,,
8-32474323-A-C,c.452-30A>C,intron,0,48496,6,194644,0,0.00003082550707959146,0,,,
8-32474336-A-G,c.452-17A>G,intron,0,48496,1,194644,0,0.000005137584513265243,0,,,
8-32474343-T-A,c.452-10T>A,intron,0,48496,1,194644,0,0.000005137584513265243,0,,,
8-32474343-T-C,c.452-10T>C,intron,0,48496,2,194644,0,0.000010275169026530486,0,,,
8-32474344-G-A,c.452-9G>A,intron,0,48496,1,194644,0,0.000005137584513265243,0,,,
8-32474348-T-C,c.452-5T>C,splice region,1,48496,0,194644,0.000020620257340811613,0,0,,,
8-32474349-A-G,c.452-4A>G,splice region,0,48496,2,194644,0,0.000010275169026530486,0,,,
8-32474355-T-C,p.Ser152Pro,missense (MPC < 2),0,48496,1,194644,0,0.000005137584513265243,0,,,
8-32474370-T-C,p.Ser157Pro,missense (MPC < 2),0,48496,1,194644,0,0.000005137584513265243,0,,,
8-32474385-G-A,p.Gly162Arg,missense (MPC < 2),1,48496,0,194644,0.000020620257340811613,0,0,,,
8-32474386-G-C,p.Gly162Ala,missense (MPC < 2),0,48496,2,194644,0,0.000010275169026530486,0,,,
8-32474388-G-A,p.Ala163Thr,missense (MPC < 2),0,48496,1,194644,0,0.000005137584513265243,0,,,
8-32474392-A-C,p.Asn164Thr,missense (MPC < 2),1,48496,5,194644,0.000020620257340811613,0.000025687922566326217,0,,,
8-32474392-A-G,p.Asn164Ser,missense (MPC < 2),0,48496,1,194644,0,0.000005137584513265243,0,,,
8-32474399-T-C,c.498T>C(p.=),synonymous,0,48496,1,194644,0,0.000005137584513265243,0,,,
8-32474408-G-A,c.502+5G>A,splice region,0,48496,1,194644,0,0.000005137584513265243,0,,,
8-32474413-C-T,c.502+10C>T,intron,0,48496,1,194644,0,0.000005137584513265243,0,,,
8-32474422-T-A,c.502+19T>A,intron,0,48496,1,194644,0,0.000005137584513265243,0,,,
8-32474425-A-G,c.502+22A>G,intron,2,48496,0,194644,0.000041240514681623226,0,0,,,
8-32474426-T-C,c.502+23T>C,intron,0,48496,1,194644,0,0.000005137584513265243,0,,,
8-32474433-G-C,c.502+30G>C,intron,0,48496,1,194644,0,0.000005137584513265243,0,,,
8-32474434-T-C,c.502+31T>C,intron,0,48496,1,194644,0,0.000005137584513265243,0,,,
8-32474437-T-C,c.502+34T>C,intron,0,48496,1,194644,0,0.000005137584513265243,0,,,
8-32474449-A-AC,c.502+47dupC,intron,121,32976,193,49886,0.0036693352741387674,0.0038688209116786274,,0.45435,0.1008,
8-32474450-C-A,c.502+47C>A,intron,0,48496,1,194644,0,0.000005137584513265243,0,,,
8-32474450-C-T,c.502+47C>T,intron,1,48496,0,194644,0.000020620257340811613,0,0,,,
8-32474454-C-T,c.502+51C>T,intron,0,48496,2,194644,0,0.000010275169026530486,0,,,
8-32505187-C-T,c.502+30784C>T,intron,0,48496,1,194644,0,0.000005137584513265243,0,,,
8-32505206-A-G,c.502+30803A>G,intron,0,48496,1,194644,0,0.000005137584513265243,0,,,
8-32505209-G-A,c.502+30806G>A,intron,0,48496,2,194644,0,0.000010275169026530486,0,,,
8-32505219-T-C,c.502+30816T>C,intron,1,48496,0,194644,0.000020620257340811613,0,0,,,
8-32505236-G-A,c.502+30833G>A,intron,0,48496,1,194644,0,0.000005137584513265243,0,,,
8-32505239-G-A,c.502+30836G>A,intron,0,48496,1,194644,0,0.000005137584513265243,0,,,
8-32505243-A-G,c.502+30840A>G,intron,1,48496,1,194644,0.000020620257340811613,0.000005137584513265243,0,,,
8-32505252-C-A,c.502+30849C>A,intron,0,48496,3,194644,0,0.00001541275353979573,0,,,
8-32505273-G-A,c.502+30870G>A,intron,1,48496,0,194644,0.000020620257340811613,0,0,,,
8-32505281-G-A,c.502+30878G>A,intron,0,48496,1,194644,0,0.000005137584513265243,0,,,
8-32505284-C-T,c.502+30881C>T,intron,0,48496,1,194644,0,0.000005137584513265243,0,,,
8-32505285-T-G,c.502+30882T>G,intron,0,48496,1,194644,0,0.000005137584513265243,0,,,
8-32505286-C-T,c.502+30883C>T,intron,0,48496,1,194644,0,0.000005137584513265243,0,,,
8-32505292-C-G,c.502+30889C>G,intron,1,48496,3,194644,0.000020620257340811613,0.00001541275353979573,0,,,
8-32505292-C-T,c.502+30889C>T,intron,1,48496,0,194644,0.000020620257340811613,0,0,,,
8-32505303-C-T,c.502+30900C>T,intron,0,48496,1,194644,0,0.000005137584513265243,0,,,
8-32505313-A-T,c.502+30910A>T,intron,1,48496,2,194644,0.000020620257340811613,0.000010275169026530486,0,,,
8-32505315-C-T,c.502+30912C>T,intron,0,48496,1,194644,0,0.000005137584513265243,0,,,
8-32505326-T-A,c.502+30923T>A,intron,0,48496,1,194644,0,0.000005137584513265243,0,,,
8-32505330-C-A,c.502+30927C>A,intron,0,48496,1,194644,0,0.000005137584513265243,0,,,
8-32505334-C-G,c.502+30931C>G,intron,0,48496,3,194644,0,0.00001541275353979573,0,,,
8-32505334-C-T,c.502+30931C>T,intron,0,48496,2,194644,0,0.000010275169026530486,0,,,
8-32505337-C-A,c.502+30934C>A,intron,239,6688,135,8014,0.03573564593301436,0.01684552033940604,,0.97814,0.027471,
8-32505345-G-A,c.502+30942G>A,intron,0,48496,1,194644,0,0.000005137584513265243,0,,,
8-32505348-A-G,c.502+30945A>G,intron,0,48496,1,194644,0,0.000005137584513265243,0,,,
8-32505351-C-T,c.502+30948C>T,intron,0,48496,1,194644,0,0.000005137584513265243,0,,,
8-32505360-C-A,c.502+30957C>A,intron,1,48496,0,194644,0.000020620257340811613,0,0,,,
8-32505361-A-G,c.502+30958A>G,intron,0,48496,1,194644,0,0.000005137584513265243,0,,,
8-32505365-T-A,c.502+30962T>A,intron,0,48496,1,194644,0,0.000005137584513265243,0,,,
8-32505366-G-A,c.502+30963G>A,intron,0,48496,1,194644,0,0.000005137584513265243,0,,,
8-32505370-A-G,c.502+30967A>G,intron,1,48496,0,194644,0.000020620257340811613,0,0,,,
8-32505373-G-C,c.502+30970G>C,intron,0,48496,1,194644,0,0.000005137584513265243,0,,,
8-32505375-A-G,c.502+30972A>G,intron,0,48496,1,194644,0,0.000005137584513265243,0,,,
8-32505382-C-T,c.502+30979C>T,intron,1,48496,2,194644,0.000020620257340811613,0.000010275169026530486,0,,,
8-32505386-A-G,c.502+30983A>G,intron,1,48496,5,194644,0.000020620257340811613,0.000025687922566326217,0,,,
8-32505395-C-T,c.502+30992C>T,intron,2,48496,3,194644,0.000041240514681623226,0.00001541275353979573,0,,,
8-32505402-G-A,c.502+30999G>A,intron,0,48496,1,194644,0,0.000005137584513265243,0,,,
8-32505403-T-C,c.502+31000T>C,intron,0,48496,1,194644,0,0.000005137584513265243,0,,,
8-32505414-G-A,c.502+31011G>A,intron,0,48496,1,194644,0,0.000005137584513265243,0,,,
8-32505415-C-G,c.502+31012C>G,intron,0,48496,1,194644,0,0.000005137584513265243,0,,,
8-32505415-C-T,c.502+31012C>T,intron,1,48496,1,194644,0.000020620257340811613,0.000005137584513265243,0,,,
8-32505416-G-A,c.502+31013G>A,intron,1,48496,1,194644,0.000020620257340811613,0.000005137584513265243,0,,,
8-32505422-A-G,c.502+31019A>G,intron,0,48496,1,194644,0,0.000005137584513265243,0,,,
8-32505426-G-C,c.502+31023G>C,intron,0,48496,1,194644,0,0.000005137584513265243,0,,,
8-32505433-G-A,c.502+31030G>A,intron,0,48496,1,194644,0,0.000005137584513265243,0,,,
8-32505447-C-T,c.502+31044C>T,intron,0,48496,1,194644,0,0.000005137584513265243,0,,,
8-32505450-A-G,c.502+31047A>G,intron,1,48496,0,194644,0.000020620257340811613,0,0,,,
8-32505458-G-A,c.502+31055G>A,intron,1,48496,5,194644,0.000020620257340811613,0.000025687922566326217,0,,,
8-32505458-G-C,c.502+31055G>C,intron,1,48496,0,194644,0.000020620257340811613,0,0,,,
8-32505464-C-G,c.502+31061C>G,intron,0,48496,1,194644,0,0.000005137584513265243,0,,,
8-32505468-A-G,c.502+31065A>G,intron,1,48496,2,194644,0.000020620257340811613,0.000010275169026530486,0,,,
8-32505471-G-A,c.502+31068G>A,intron,1,48496,2,194644,0.000020620257340811613,0.000010275169026530486,0,,,
8-32505474-C-T,c.502+31071C>T,intron,1,48496,0,194644,0.000020620257340811613,0,0,,,
8-32505475-C-G,c.502+31072C>G,intron,0,48496,1,194644,0,0.000005137584513265243,0,,,
8-32505476-C-T,c.502+31073C>T,intron,0,48496,1,194644,0,0.000005137584513265243,0,,,
8-32505480-C-G,c.502+31077C>G,intron,0,48496,1,194644,0,0.000005137584513265243,0,,,
8-32505495-A-G,c.502+31092A>G,intron,0,48496,2,194644,0,0.000010275169026530486,0,,,
8-32505510-A-C,c.502+31107A>C,intron,1,48496,0,194644,0.000020620257340811613,0,0,,,
8-32505513-G-A,c.502+31110G>A,intron,3,48496,4,194644,0.00006186077202243484,0.000020550338053060972,0,,,
8-32505513-G-T,c.502+31110G>T,intron,0,48496,1,194644,0,0.000005137584513265243,0,,,
8-32505516-G-A,c.502+31113G>A,intron,0,48496,2,194644,0,0.000010275169026530486,0,,,
8-32505532-T-G,c.502+31129T>G,intron,0,48496,4,194644,0,0.000020550338053060972,0,,,
8-32505542-G-A,c.502+31139G>A,intron,0,48496,1,194644,0,0.000005137584513265243,0,,,
8-32505556-A-T,c.502+31153A>T,intron,0,48496,1,194644,0,0.000005137584513265243,0,,,
8-32505557-C-G,c.502+31154C>G,intron,0,48496,1,194644,0,0.000005137584513265243,0,,,
8-32505562-C-T,c.502+31159C>T,intron,0,48496,2,194644,0,0.000010275169026530486,0,,,
8-32505575-C-T,c.502+31172C>T,intron,0,48496,2,194644,0,0.000010275169026530486,0,,,
8-32505579-G-A,c.502+31176G>A,intron,1,48496,1,194644,0.000020620257340811613,0.000005137584513265243,0,,,
8-32505581-G-C,c.502+31178G>C,intron,0,48496,1,194644,0,0.000005137584513265243,0,,,
8-32505582-G-T,c.502+31179G>T,intron,0,48496,1,194644,0,0.000005137584513265243,0,,,
8-32505584-G-A,c.502+31181G>A,intron,1,48496,0,194644,0.000020620257340811613,0,0,,,
8-32505594-G-T,c.502+31191G>T,intron,1,48496,1,194644,0.000020620257340811613,0.000005137584513265243,0,,,
8-32505604-T-C,c.502+31201T>C,intron,0,48496,5,194644,0,0.000025687922566326217,0,,,
8-32505610-T-C,c.502+31207T>C,intron,0,48496,1,194644,0,0.000005137584513265243,0,,,
8-32505613-A-G,c.502+31210A>G,intron,0,48496,1,194644,0,0.000005137584513265243,0,,,
8-32505614-C-T,c.502+31211C>T,intron,0,48496,8,194644,0,0.000041100676106121945,0,,,
8-32505615-G-A,c.502+31212G>A,intron,0,48496,1,194644,0,0.000005137584513265243,0,,,
8-32505615-G-C,c.502+31212G>C,intron,435,42096,1040,78196,0.01033352337514253,0.01329991303903013,,0.78279,0.0099701,
8-32505616-C-T,c.502+31213C>T,intron,2,48496,3,194644,0.000041240514681623226,0.00001541275353979573,0,,,
8-32505625-C-A,c.502+31222C>A,intron,0,48496,1,194644,0,0.000005137584513265243,0,,,
8-32505627-T-G,c.502+31224T>G,intron,2,48496,0,194644,0.000041240514681623226,0,0,,,
8-32505633-G-C,c.502+31230G>C,intron,724,41800,995,78196,0.017320574162679427,0.012724436032533634,,0.048048,0.090543,
8-32505643-C-T,c.502+31240C>T,intron,0,48496,3,194644,0,0.00001541275353979573,0,,,
8-32505644-G-T,c.502+31241G>T,intron,0,48496,1,194644,0,0.000005137584513265243,0,,,
8-32505653-A-G,c.502+31250A>G,intron,0,48496,1,194644,0,0.000005137584513265243,0,,,
8-32505656-C-T,c.502+31253C>T,intron,1,48496,4,194644,0.000020620257340811613,0.000020550338053060972,0,,,
8-32505659-T-C,c.502+31256T>C,intron,0,48496,1,194644,0,0.000005137584513265243,0,,,
8-32505663-C-T,c.502+31260C>T,intron,0,48496,2,194644,0,0.000010275169026530486,0,,,
8-32505664-C-G,c.502+31261C>G,intron,1,48496,0,194644,0.000020620257340811613,0,0,,,
8-32505668-C-T,c.502+31265C>T,intron,1,48496,0,194644,0.000020620257340811613,0,0,,,
8-32505670-C-T,c.502+31267C>T,intron,0,48496,2,194644,0,0.000010275169026530486,0,,,
8-32505674-G-T,c.502+31271G>T,intron,0,48496,1,194644,0,0.000005137584513265243,0,,,
8-32505675-G-A,c.502+31272G>A,intron,1,48496,0,194644,0.000020620257340811613,0,0,,,
8-32505678-C-T,c.502+31275C>T,intron,0,48496,1,194644,0,0.000005137584513265243,0,,,
8-32505688-G-A,c.502+31285G>A,intron,0,48496,1,194644,0,0.000005137584513265243,0,,,
8-32505692-G-A,c.502+31289G>A,intron,0,48496,1,194644,0,0.000005137584513265243,0,,,
8-32505696-C-A,c.502+31293C>A,intron,0,48496,1,194644,0,0.000005137584513265243,0,,,
8-32505719-G-A,c.502+31316G>A,intron,1,48496,1,194644,0.000020620257340811613,0.000005137584513265243,0,,,
8-32505732-T-G,c.502+31329T>G,intron,1,48496,0,194644,0.000020620257340811613,0,0,,,
8-32505740-A-G,c.502+31337A>G,intron,1,48496,0,194644,0.000020620257340811613,0,0,,,
8-32505746-G-A,c.502+31343G>A,intron,0,48496,2,194644,0,0.000010275169026530486,0,,,
8-32505747-G-A,c.502+31344G>A,intron,1,48496,0,194644,0.000020620257340811613,0,0,,,
8-32505750-C-T,c.502+31347C>T,intron,0,48496,1,194644,0,0.000005137584513265243,0,,,
8-32505751-C-T,c.502+31348C>T,intron,1,48496,0,194644,0.000020620257340811613,0,0,,,
8-32505754-C-G,c.502+31351C>G,intron,0,48496,1,194644,0,0.000005137584513265243,0,,,
8-32505757-C-T,c.502+31354C>T,intron,0,48496,2,194644,0,0.000010275169026530486,0,,,
8-32505758-G-A,c.502+31355G>A,intron,2,48496,1,194644,0.000041240514681623226,0.000005137584513265243,0,,,
8-32505766-G-A,c.502+31363G>A,intron,1,48496,0,194644,0.000020620257340811613,0,0,,,
8-32505775-C-T,c.502+31372C>T,intron,0,48496,1,194644,0,0.000005137584513265243,0,,,
8-32505790-C-A,c.502+31387C>A,intron,0,48496,1,194644,0,0.000005137584513265243,0,,,
8-32505790-C-T,c.502+31387C>T,intron,0,48496,4,194644,0,0.000020550338053060972,0,,,
8-32505792-T-C,c.502+31389T>C,intron,0,48496,1,194644,0,0.000005137584513265243,0,,,
8-32505793-C-T,c.502+31390C>T,intron,0,48496,4,194644,0,0.000020550338053060972,0,,,
8-32505799-C-T,c.502+31396C>T,intron,1,48496,0,194644,0.000020620257340811613,0,0,,,
8-32505803-A-T,c.502+31400A>T,intron,0,48496,2,194644,0,0.000010275169026530486,0,,,
8-32505804-T-C,c.502+31401T>C,intron,0,48496,1,194644,0,0.000005137584513265243,0,,,
8-32505805-C-A,c.502+31402C>A,intron,1,48496,1,194644,0.000020620257340811613,0.000005137584513265243,0,,,
8-32505820-C-T,c.502+31417C>T,intron,0,48496,5,194644,0,0.000025687922566326217,0,,,
8-32505823-G-A,c.502+31420G>A,intron,1,48496,3,194644,0.000020620257340811613,0.00001541275353979573,0,,,
8-32505825-A-C,c.502+31422A>C,intron,0,48496,3,194644,0,0.00001541275353979573,0,,,
8-32505834-G-A,c.502+31431G>A,intron,1,48496,0,194644,0.000020620257340811613,0,0,,,
8-32505841-C-A,c.502+31438C>A,intron,0,48496,1,194644,0,0.000005137584513265243,0,,,
8-32505841-C-T,c.502+31438C>T,intron,0,48496,2,194644,0,0.000010275169026530486,0,,,
8-32505842-G-A,c.502+31439G>A,intron,0,48496,1,194644,0,0.000005137584513265243,0,,,
8-32505842-G-C,c.502+31439G>C,intron,1,48496,2,194644,0.000020620257340811613,0.000010275169026530486,0,,,
8-32505845-C-T,c.502+31442C>T,intron,2,48496,1,194644,0.000041240514681623226,0.000005137584513265243,0,,,
8-32505848-G-C,c.502+31445G>C,intron,0,48496,1,194644,0,0.000005137584513265243,0,,,
8-32505851-A-G,c.502+31448A>G,intron,1,48496,0,194644,0.000020620257340811613,0,0,,,
8-32505856-C-G,c.502+31453C>G,intron,1,48496,2,194644,0.000020620257340811613,0.000010275169026530486,0,,,
8-32505870-A-G,c.502+31467A>G,intron,1,48496,1,194644,0.000020620257340811613,0.000005137584513265243,0,,,
8-32505871-C-T,c.502+31468C>T,intron,0,48496,1,194644,0,0.000005137584513265243,0,,,
8-32505875-A-G,c.502+31472A>G,intron,0,48496,1,194644,0,0.000005137584513265243,0,,,
8-32505879-A-G,c.502+31476A>G,intron,0,48496,1,194644,0,0.000005137584513265243,0,,,
8-32505882-C-T,c.502+31479C>T,intron,0,48496,1,194644,0,0.000005137584513265243,0,,,
8-32505889-C-A,c.502+31486C>A,intron,0,48496,1,194644,0,0.000005137584513265243,0,,,
8-32505891-G-A,c.502+31488G>A,intron,1,48496,7,194644,0.000020620257340811613,0.0000359630915928567,0,,,
8-32505892-C-T,c.502+31489C>T,intron,0,48496,1,194644,0,0.000005137584513265243,0,,,
8-32505916-A-T,c.502+31513A>T,intron,0,48496,1,194644,0,0.000005137584513265243,0,,,
8-32505917-G-T,c.502+31514G>T,intron,0,48496,1,194644,0,0.000005137584513265243,0,,,
8-32505919-G-C,c.502+31516G>C,intron,1,48496,0,194644,0.000020620257340811613,0,0,,,
8-32505920-A-G,c.502+31517A>G,intron,1,48496,2,194644,0.000020620257340811613,0.000010275169026530486,0,,,
8-32505935-A-G,c.502+31532A>G,intron,1,48496,0,194644,0.000020620257340811613,0,0,,,
8-32505936-T-G,c.502+31533T>G,intron,0,48496,1,194644,0,0.000005137584513265243,0,,,
8-32505939-T-G,c.502+31536T>G,intron,1,48496,0,194644,0.000020620257340811613,0,0,,,
8-32505940-G-T,c.502+31537G>T,intron,0,48496,1,194644,0,0.000005137584513265243,0,,,
8-32505941-A-G,c.502+31538A>G,intron,0,48496,2,194644,0,0.000010275169026530486,0,,,
8-32505944-A-G,c.502+31541A>G,intron,0,48496,1,194644,0,0.000005137584513265243,0,,,
8-32505950-G-A,c.502+31547G>A,intron,1,48496,4,194644,0.000020620257340811613,0.000020550338053060972,0,,,
8-32505951-G-A,c.502+31548G>A,intron,0,48496,2,194644,0,0.000010275169026530486,0,,,
8-32505952-T-G,c.502+31549T>G,intron,0,48496,1,194644,0,0.000005137584513265243,0,,,
8-32505953-G-A,c.502+31550G>A,intron,1,48496,1,194644,0.000020620257340811613,0.000005137584513265243,0,,,
8-32505953-G-C,c.502+31550G>C,intron,1,48496,0,194644,0.000020620257340811613,0,0,,,
8-32579555-T-C,c.503-5912T>C,intron,1,48496,0,194644,0.000020620257340811613,0,0,,,
8-32579563-A-G,c.503-5904A>G,intron,1,48496,0,194644,0.000020620257340811613,0,0,,,
8-32585423-G-A,c.503-44G>A,intron,7454,34648,12376,63778,0.21513507273147078,0.1940481043620057,,0.38063,0.020567,
8-32585423-G-C,c.503-44G>C,intron,0,48496,1,194644,0,0.000005137584513265243,0,,,
8-32585426-A-G,c.503-41A>G,intron,0,48496,2,194644,0,0.000010275169026530486,0,,,
8-32585431-G-A,c.503-36G>A,intron,0,48496,1,194644,0,0.000005137584513265243,0,,,
8-32585431-GTCCATGTT-G,c.503-35_503-28delTCCATGTT,intron,0,48496,1,194644,0,0.000005137584513265243,0,,,
8-32585434-C-A,c.503-33C>A,intron,7093,42090,13785,77940,0.16851983844143503,0.1768668206312548,,0.35267,0.017076,
8-32585446-T-C,c.503-21T>C,intron,0,48496,1,194644,0,0.000005137584513265243,0,,,
8-32585448-T-G,c.503-19T>G,intron,0,48496,1,194644,0,0.000005137584513265243,0,,,
8-32585459-C-G,c.503-8C>G,splice region,0,48496,1,194644,0,0.000005137584513265243,0,,,
8-32585459-C-T,c.503-8C>T,splice region,3,48496,1,194644,0.00006186077202243484,0.000005137584513265243,0,,,
8-32585475-A-G,p.Thr171Ala,missense (MPC < 2),1,48496,0,194644,0.000020620257340811613,0,0,,,
8-32585476-C-T,p.Thr171Ile,missense (MPC < 2),0,48496,1,194644,0,0.000005137584513265243,0,,,
8-32585477-A-G,c.513A>G(p.=),synonymous,0,48496,2,194644,0,0.000010275169026530486,0,,,
8-32585479-C-A,p.Ser172Tyr,missense (MPC < 2),1,48496,1,194644,0.000020620257340811613,0.000005137584513265243,0,,,
8-32585485-C-T,p.Thr174Ile,missense (MPC < 2),1,48496,0,194644,0.000020620257340811613,0,0,,,
8-32585489-G-A,c.525G>A(p.=),synonymous,0,48496,1,194644,0,0.000005137584513265243,0,,,
8-32585490-A-G,p.Thr176Ala,missense (MPC < 2),0,48496,1,194644,0,0.000005137584513265243,0,,,
8-32585504-A-C,c.540A>C(p.=),synonymous,1,48496,1,194644,0.000020620257340811613,0.000005137584513265243,0,,,
8-32585512-C-T,p.Ala183Val,missense (MPC < 2),0,48496,1,194644,0,0.000005137584513265243,0,,,
8-32585513-G-A,c.549G>A(p.=),synonymous,2,48496,3,194644,0.000041240514681623226,0.00001541275353979573,0,,,
8-32585514-GAGA-G,p.Lys185del,inframe deletion,0,48496,1,194644,0,0.000005137584513265243,0,,,
8-32585526-A-G,p.Thr188Ala,missense (MPC < 2),0,48496,1,194644,0,0.000005137584513265243,0,,,
8-32585530-T-C,p.Phe189Ser,missense (MPC < 2),0,48496,1,194644,0,0.000005137584513265243,0,,,
8-32585533-G-C,p.Cys190Ser,missense (MPC < 2),1,48496,0,194644,0.000020620257340811613,0,0,,,
8-32585535-G-C,p.Val191Leu,missense (MPC < 2),0,48496,1,194644,0,0.000005137584513265243,0,,,
8-32585543-A-C,c.579A>C(p.=),synonymous,0,48496,1,194644,0,0.000005137584513265243,0,,,
8-32585555-C-T,c.591C>T(p.=),synonymous,0,48496,1,194644,0,0.000005137584513265243,0,,,
8-32585559-G-T,p.Val199Leu,missense (MPC < 2),1,48496,1,194644,0.000020620257340811613,0.000005137584513265243,0,,,
8-32585571-T-C,p.Ser203Pro,missense (MPC < 2),0,48496,1,194644,0,0.000005137584513265243,0,,,
8-32585579-C-G,c.615C>G(p.=),synonymous,0,48496,1,194644,0,0.000005137584513265243,0,,,
8-32585581-C-G,p.Ser206Trp,missense (MPC < 2),1,48496,1,194644,0.000020620257340811613,0.000005137584513265243,0,,,
8-32585581-C-T,p.Ser206Leu,missense (MPC < 2),0,48496,1,194644,0,0.000005137584513265243,0,,,
8-32585582-G-A,c.618G>A(p.=),synonymous,1,48496,2,194644,0.000020620257340811613,0.000010275169026530486,0,,,
8-32585606-G-T,c.632+10G>T,intron,1,48496,0,194644,0.000020620257340811613,0,0,,,
8-32585610-T-A,c.632+14T>A,intron,0,48496,3,194644,0,0.00001541275353979573,0,,,
8-32585610-TC-T,c.632+16delC,intron,0,48496,1,194644,0,0.000005137584513265243,0,,,
8-32585615-T-C,c.632+19T>C,intron,0,48496,1,194644,0,0.000005137584513265243,0,,,
8-32585629-C-T,c.632+33C>T,intron,0,48496,1,194644,0,0.000005137584513265243,0,,,
8-32585631-A-G,c.632+35A>G,intron,1,48496,2,194644,0.000020620257340811613,0.000010275169026530486,0,,,
8-32585632-T-C,c.632+36T>C,intron,0,48496,1,194644,0,0.000005137584513265243,0,,,
8-32585634-A-G,c.632+38A>G,intron,0,48496,3,194644,0,0.00001541275353979573,0,,,
8-32585637-CCTT-C,c.632+42_632+44delCTT,intron,1,48496,1,194644,0.000020620257340811613,0.000005137584513265243,0,,,
8-32585642-T-G,c.632+46T>G,intron,0,48496,2,194644,0,0.000010275169026530486,0,,,
8-32599483-T-C,c.633-710T>C,intron,0,48496,1,194644,0,0.000005137584513265243,0,,,
8-32599484-C-G,c.633-709C>G,intron,0,48496,1,194644,0,0.000005137584513265243,0,,,
8-32599489-G-A,c.633-704G>A,intron,0,48496,1,194644,0,0.000005137584513265243,0,,,
8-32599512-T-G,c.633-681T>G,intron,0,48496,1,194644,0,0.000005137584513265243,0,,,
8-32599514-T-G,c.633-679T>G,intron,0,48496,1,194644,0,0.000005137584513265243,0,,,
8-32599517-G-C,c.633-676G>C,intron,0,48496,1,194644,0,0.000005137584513265243,0,,,
8-32599517-G-T,c.633-676G>T,intron,0,48496,1,194644,0,0.000005137584513265243,0,,,
8-32599531-A-G,c.633-662A>G,intron,0,48496,1,194644,0,0.000005137584513265243,0,,,
8-32599535-T-G,c.633-658T>G,intron,0,48496,1,194644,0,0.000005137584513265243,0,,,
8-32599559-T-C,c.633-634T>C,intron,1,48496,1,194644,0.000020620257340811613,0.000005137584513265243,0,,,
8-32599562-G-A,c.633-631G>A,intron,0,48496,1,194644,0,0.000005137584513265243,0,,,
8-32599566-G-A,c.633-627G>A,intron,0,48496,2,194644,0,0.000010275169026530486,0,,,
8-32599577-A-G,c.633-616A>G,intron,2,48496,1,194644,0.000041240514681623226,0.000005137584513265243,0,,,
8-32599578-G-A,c.633-615G>A,intron,0,48496,1,194644,0,0.000005137584513265243,0,,,
8-32599578-G-T,c.633-615G>T,intron,1,48496,2,194644,0.000020620257340811613,0.000010275169026530486,0,,,
8-32599581-C-T,c.633-612C>T,intron,1,48496,0,194644,0.000020620257340811613,0,0,,,
8-32599582-A-G,c.633-611A>G,intron,2,48496,0,194644,0.000041240514681623226,0,0,,,
8-32599592-A-C,c.633-601A>C,intron,0,48496,2,194644,0,0.000010275169026530486,0,,,
8-32599594-G-T,c.633-599G>T,intron,0,48496,1,194644,0,0.000005137584513265243,0,,,
8-32599603-A-T,c.633-590A>T,intron,0,48496,1,194644,0,0.000005137584513265243,0,,,
8-32599611-G-A,c.633-582G>A,intron,0,48496,1,194644,0,0.000005137584513265243,0,,,
8-32599619-C-T,c.633-574C>T,intron,0,48496,1,194644,0,0.000005137584513265243,0,,,
8-32599622-T-C,c.633-571T>C,intron,0,48496,1,194644,0,0.000005137584513265243,0,,,
8-32599623-C-A,c.633-570C>A,intron,1,48496,0,194644,0.000020620257340811613,0,0,,,
8-32599623-C-G,c.633-570C>G,intron,0,48496,1,194644,0,0.000005137584513265243,0,,,
8-32599640-A-C,c.633-553A>C,intron,1,48496,1,194644,0.000020620257340811613,0.000005137584513265243,0,,,
8-32599645-C-T,c.633-548C>T,intron,1,48496,5,194644,0.000020620257340811613,0.000025687922566326217,0,,,
8-32600156-TG-T,c.633-36delG,intron,0,48496,1,194644,0,0.000005137584513265243,0,,,
8-32600168-A-G,c.633-25A>G,intron,0,48496,1,194644,0,0.000005137584513265243,0,,,
8-32600171-G-GT,c.633-15dupT,intron,0,48496,2,194644,0,0.000010275169026530486,0,,,
8-32600171-GT-G,c.633-15delT,intron,0,48496,2,194644,0,0.000010275169026530486,0,,,
8-32600200-A-C,p.Asn214His,missense (MPC < 2),1,48496,1,194644,0.000020620257340811613,0.000005137584513265243,0,,,
8-32600210-C-G,p.Thr217Ser,missense (MPC < 2),0,48496,1,194644,0,0.000005137584513265243,0,,,
8-32600220-C-T,c.660C>T(p.=),synonymous,1,48496,2,194644,0.000020620257340811613,0.000010275169026530486,0,,,
8-32600230-T-C,p.Tyr224His,missense (MPC < 2),0,48496,1,194644,0,0.000005137584513265243,0,,,
8-32600233-G-A,p.Val225Ile,missense (MPC < 2),0,48496,2,194644,0,0.000010275169026530486,0,,,
8-32600239-G-A,p.Ala227Thr,missense (MPC < 2),0,48496,2,194644,0,0.000010275169026530486,0,,,
8-32600247-C-G,p.Phe229Leu,missense (MPC < 2),0,48496,1,194644,0,0.000005137584513265243,0,,,
8-32600248-T-A,p.Tyr230Asn,missense (MPC < 2),0,48496,1,194644,0,0.000005137584513265243,0,,,
8-32600251-A-G,p.Lys231Glu,missense (MPC < 2),0,48496,1,194644,0,0.000005137584513265243,0,,,
8-32600255-C-T,c.691+4C>T,splice region,0,48496,1,194644,0,0.000005137584513265243,0,,,
8-32600258-C-T,c.691+7C>T,splice region,0,48496,1,194644,0,0.000005137584513265243,0,,,
8-32600261-C-T,c.691+10C>T,intron,0,48496,1,194644,0,0.000005137584513265243,0,,,
8-32600263-C-G,c.691+12C>G,intron,0,48496,2,194644,0,0.000010275169026530486,0,,,
8-32600265-C-CT,c.691+17dupT,intron,0,48496,1,194644,0,0.000005137584513265243,0,,,
8-32600268-T-C,c.691+17T>C,intron,0,48496,1,194644,0,0.000005137584513265243,0,,,
8-32600269-C-T,c.691+18C>T,intron,0,48496,1,194644,0,0.000005137584513265243,0,,,
8-32600271-GTC-G,c.691+24_691+25delCT,intron,0,48496,1,194644,0,0.000005137584513265243,0,,,
8-32600272-T-A,c.691+21T>A,intron,0,48496,1,194644,0,0.000005137584513265243,0,,,
8-32600277-G-A,c.691+26G>A,intron,0,48496,1,194644,0,0.000005137584513265243,0,,,
8-32600281-G-A,c.691+30G>A,intron,0,48496,1,194644,0,0.000005137584513265243,0,,,
8-32600287-G-A,c.691+36G>A,intron,0,48496,1,194644,0,0.000005137584513265243,0,,,
8-32600294-C-T,c.691+43C>T,intron,0,48496,1,194644,0,0.000005137584513265243,0,,,
8-32600307-G-T,c.691+56G>T,intron,0,48496,1,194644,0,0.000005137584513265243,0,,,
8-32600308-C-T,c.691+57C>T,intron,0,48496,2,194644,0,0.000010275169026530486,0,,,
8-32600310-T-C,c.691+59T>C,intron,1,48496,0,194644,0.000020620257340811613,0,0,,,
8-32600317-T-A,c.691+66T>A,intron,1,48496,0,194644,0.000020620257340811613,0,0,,,
8-32600318-G-A,c.691+67G>A,intron,0,48496,1,194644,0,0.000005137584513265243,0,,,
8-32600323-A-G,c.691+72A>G,intron,1,48496,5,194644,0.000020620257340811613,0.000025687922566326217,0,,,
8-32600329-C-T,c.691+78C>T,intron,0,48496,1,194644,0,0.000005137584513265243,0,,,
8-32606178-T-A,c.692-901T>A,intron,0,48496,1,194644,0,0.000005137584513265243,0,,,
8-32606181-CTG-C,c.692-893_692-892delTG,intron,268,29964,459,45880,0.00894406621278868,0.010004359197907585,,0.53548,-0.092384,
8-32606189-A-C,c.692-890A>C,intron,0,48496,3,194644,0,0.00001541275353979573,0,,,
8-32606214-T-C,c.692-865T>C,intron,14,7424,77,15980,0.0018857758620689656,0.004818523153942428,,0.7324,-0.018924,
8-32606215-G-C,c.692-864G>C,intron,1,48496,0,194644,0.000020620257340811613,0,0,,,
8-32606225-GCTCT-G,c.692-851_692-848delCTCT,intron,0,48496,1,194644,0,0.000005137584513265243,0,,,
8-32607033-CT-C,c.692-41delT,intron,1,48496,0,194644,0.000020620257340811613,0,0,,,
8-32607034-T-G,c.692-45T>G,intron,1,48496,1,194644,0.000020620257340811613,0.000005137584513265243,0,,,
8-32607041-C-A,c.692-38C>A,intron,0,48496,2,194644,0,0.000010275169026530486,0,,,
8-32607057-T-G,c.692-22T>G,intron,1,48496,0,194644,0.000020620257340811613,0,0,,,
8-32607072-T-C,c.692-7T>C,splice region,1,48496,0,194644,0.000020620257340811613,0,0,,,
8-32607075-G-T,c.692-4G>T,splice region,0,48496,1,194644,0,0.000005137584513265243,0,,,
8-32607083-T-C,c.696T>C(p.=),synonymous,0,48496,1,194644,0,0.000005137584513265243,0,,,
8-32607093-G-A,p.Glu236Lys,missense (MPC < 2),1,48496,0,194644,0.000020620257340811613,0,0,,,
8-32607108-G-A,c.715+6G>A,splice region,0,48496,1,194644,0,0.000005137584513265243,0,,,
8-32607110-C-G,c.715+8C>G,splice region,0,48496,1,194644,0,0.000005137584513265243,0,,,
8-32607115-C-A,c.715+13C>A,intron,0,48496,2,194644,0,0.000010275169026530486,0,,,
8-32607115-C-T,c.715+13C>T,intron,0,48496,1,194644,0,0.000005137584513265243,0,,,
8-32607117-T-C,c.715+15T>C,intron,0,48496,2,194644,0,0.000010275169026530486,0,,,
8-32607119-A-G,c.715+17A>G,intron,0,48496,1,194644,0,0.000005137584513265243,0,,,
8-32607124-T-C,c.715+22T>C,intron,0,48496,2,194644,0,0.000010275169026530486,0,,,
8-32607126-T-C,c.715+24T>C,intron,1,48496,0,194644,0.000020620257340811613,0,0,,,
8-32607128-A-C,c.715+26A>C,intron,1,48496,3,194644,0.000020620257340811613,0.00001541275353979573,0,,,
8-32607128-A-G,c.715+26A>G,intron,1,48496,0,194644,0.000020620257340811613,0,0,,,
8-32607128-AGCCT-A,c.715+29_715+32delCTGC,intron,0,48496,1,194644,0,0.000005137584513265243,0,,,
8-32607149-A-G,c.715+47A>G,intron,0,48496,1,194644,0,0.000005137584513265243,0,,,
8-32607150-T-A,c.715+48T>A,intron,0,48496,2,194644,0,0.000010275169026530486,0,,,
8-32611835-C-T,c.716-55C>T,intron,0,48496,1,194644,0,0.000005137584513265243,0,,,
8-32611839-C-G,c.716-51C>G,intron,25,17070,46,28656,0.0014645577035735209,0.0016052484645449469,,0.40997,-0.19696,
8-32611840-C-G,c.716-50C>G,intron,0,48496,1,194644,0,0.000005137584513265243,0,,,
8-32611849-G-C,c.716-41G>C,intron,0,48496,1,194644,0,0.000005137584513265243,0,,,
8-32611850-G-C,c.716-40G>C,intron,3,48496,0,194644,0.00006186077202243484,0,0,,,
8-32611853-G-A,c.716-37G>A,intron,0,48496,2,194644,0,0.000010275169026530486,0,,,
8-32611867-C-T,c.716-23C>T,intron,0,48496,1,194644,0,0.000005137584513265243,0,,,
8-32611875-C-T,c.716-15C>T,intron,1,48496,1,194644,0.000020620257340811613,0.000005137584513265243,0,,,
8-32611877-C-T,c.716-13C>T,intron,0,48496,1,194644,0,0.000005137584513265243,0,,,
8-32611878-A-T,c.716-12A>T,intron,0,48496,1,194644,0,0.000005137584513265243,0,,,
8-32611880-C-T,c.716-10C>T,intron,0,48496,1,194644,0,0.000005137584513265243,0,,,
8-32611911-A-C,p.Lys246Thr,missense (MPC < 2),0,48496,1,194644,0,0.000005137584513265243,0,,,
8-32611915-A-G,c.741A>G(p.=),synonymous,0,48496,1,194644,0,0.000005137584513265243,0,,,
8-32611917-T-G,p.Val248Gly,missense (MPC < 2),0,48496,1,194644,0,0.000005137584513265243,0,,,
8-32611925-A-T,p.Ile251Leu,missense (MPC < 2),0,48496,1,194644,0,0.000005137584513265243,0,,,
8-32611926-T-C,p.Ile251Thr,missense (MPC < 2),1,48496,1,194644,0.000020620257340811613,0.000005137584513265243,0,,,
8-32611929-C-T,p.Thr252Ile,missense (MPC < 2),1,48496,1,194644,0.000020620257340811613,0.000005137584513265243,0,,,
8-32611931-G-A,p.Gly253Ser,missense (MPC < 2),0,48496,3,194644,0,0.00001541275353979573,0,,,
8-32611933-C-G,c.759C>G(p.=),synonymous,0,48496,1,194644,0,0.000005137584513265243,0,,,
8-32611938-G-T,p.Cys255Phe,missense (MPC < 2),0,48496,1,194644,0,0.000005137584513265243,0,,,
8-32611940-A-G,p.Ile256Val,missense (MPC < 2),0,48496,1,194644,0,0.000005137584513265243,0,,,
8-32611943-G-A,p.Ala257Thr,missense (MPC < 2),1,48496,2,194644,0.000020620257340811613,0.000010275169026530486,0,,,
8-32611943-G-T,p.Ala257Ser,missense (MPC < 2),0,48496,1,194644,0,0.000005137584513265243,0,,,
8-32611952-G-A,p.Val260Met,missense (MPC < 2),0,48496,1,194644,0,0.000005137584513265243,0,,,
8-32611954-G-A,c.780G>A(p.=),synonymous,1,48496,0,194644,0.000020620257340811613,0,0,,,
8-32611955-G-C,p.Val261Leu,missense (MPC < 2),1,48496,1,194644,0.000020620257340811613,0.000005137584513265243,0,,,
8-32611957-C-T,c.783C>T(p.=),synonymous,0,48496,5,194644,0,0.000025687922566326217,0,,,
8-32611969-T-G,p.Cys265Trp,missense (MPC < 2),0,48496,1,194644,0,0.000005137584513265243,0,,,
8-32611970-G-T,p.Val266Leu,missense (MPC < 2),1507,41776,2665,78160,0.036073343546533895,0.034096724667349025,,0.70357,-0.029043,
8-32611971-T-C,p.Val266Ala,missense (MPC < 2),1,48496,1,194644,0.000020620257340811613,0.000005137584513265243,0,,,
8-32611972-G-T,c.798G>T(p.=),synonymous,0,48496,1,194644,0,0.000005137584513265243,0,,,
8-32611975-G-A,c.801G>A(p.=),synonymous,1,48496,0,194644,0.000020620257340811613,0,0,,,
8-32611976-G-A,p.Ala268Thr,missense (MPC < 2),1,48496,0,194644,0.000020620257340811613,0,0,,,
8-32611978-C-G,c.804C>G(p.=),synonymous,0,48496,1,194644,0,0.000005137584513265243,0,,,
8-32611980-A-G,p.Tyr269Cys,missense (MPC < 2),1,48496,1,194644,0.000020620257340811613,0.000005137584513265243,0,,,
8-32611984-C-T,c.810C>T(p.=),synonymous,0,48496,2,194644,0,0.000010275169026530486,0,,,
8-32611992-A-G,p.Lys273Arg,missense (MPC < 2),0,48496,1,194644,0,0.000005137584513265243,0,,,
8-32611998-CCTT-C,c.818+10_818+12delCTT,splice region,1,48496,0,194644,0.000020620257340811613,0,0,,,
8-32612008-C-T,c.818+16C>T,intron,2,48496,1,194644,0.000041240514681623226,0.000005137584513265243,0,,,
8-32612010-A-G,c.818+18A>G,intron,0,48496,3,194644,0,0.00001541275353979573,0,,,
8-32612012-G-A,c.818+20G>A,intron,0,48496,1,194644,0,0.000005137584513265243,0,,,
8-32612020-C-G,c.818+28C>G,intron,1,48496,0,194644,0.000020620257340811613,0,0,,,
8-32612021-T-G,c.818+29T>G,intron,0,48496,1,194644,0,0.000005137584513265243,0,,,
8-32612030-T-C,c.818+38T>C,intron,1,48496,0,194644,0.000020620257340811613,0,0,,,
8-32612034-G-A,c.818+42G>A,intron,1,48496,1,194644,0.000020620257340811613,0.000005137584513265243,0,,,
8-32613873-A-C,c.819-48A>C,intron,1,48496,0,194644,0.000020620257340811613,0,0,,,
8-32613880-A-G,c.819-41A>G,intron,934,6644,550,7886,0.14057796508127635,0.0697438498605123,,0.50087,-0.03917,
8-32613892-A-T,c.819-29A>T,intron,0,48496,1,194644,0,0.000005137584513265243,0,,,
8-32613894-A-C,c.819-27A>C,intron,0,48496,1,194644,0,0.000005137584513265243,0,,,
8-32613899-A-G,c.819-22A>G,intron,0,48496,1,194644,0,0.000005137584513265243,0,,,
8-32613901-G-A,c.819-20G>A,intron,0,48496,1,194644,0,0.000005137584513265243,0,,,
8-32613904-C-G,c.819-17C>G,intron,1,48496,0,194644,0.000020620257340811613,0,0,,,
8-32613912-T-C,c.819-9T>C,intron,0,48496,1,194644,0,0.000005137584513265243,0,,,
8-32613914-T-C,c.819-7T>C,splice region,0,48496,3,194644,0,0.00001541275353979573,0,,,
8-32613929-G-A,p.Arg276Gln,missense (MPC < 2),1,48496,2,194644,0.000020620257340811613,0.000010275169026530486,0,,,
8-32613930-G-A,c.828G>A(p.=),synonymous,0,48496,2,194644,0,0.000010275169026530486,0,,,
8-32613934-A-C,p.Lys278Gln,missense (MPC < 2),0,48496,1,194644,0,0.000005137584513265243,0,,,
8-32613946-C-T,p.Arg282Cys,missense (MPC < 2),0,48496,1,194644,0,0.000005137584513265243,0,,,
8-32613951-T-C,c.849T>C(p.=),synonymous,0,48496,1,194644,0,0.000005137584513265243,0,,,
8-32613952-C-T,p.Arg284Trp,missense (MPC < 2),0,48496,2,194644,0,0.000010275169026530486,0,,,
8-32613953-G-A,p.Arg284Gln,missense (MPC < 2),1,48496,4,194644,0.000020620257340811613,0.000020550338053060972,0,,,
8-32613953-G-C,p.Arg284Pro,missense (MPC < 2),0,48496,1,194644,0,0.000005137584513265243,0,,,
8-32613959-G-C,p.Ser286Thr,missense (MPC < 2),0,48496,1,194644,0,0.000005137584513265243,0,,,
8-32613961-C-A,p.Leu287Ile,missense (MPC < 2),0,48496,1,194644,0,0.000005137584513265243,0,,,
8-32613961-C-T,p.Leu287Phe,missense (MPC < 2),0,48496,1,194644,0,0.000005137584513265243,0,,,
8-32613965-G-A,p.Arg288Gln,missense (MPC < 2),1,48496,2,194644,0.000020620257340811613,0.000010275169026530486,0,,,
8-32613966-G-A,c.864G>A(p.=),synonymous,1,48496,0,194644,0.000020620257340811613,0,0,,,
8-32613973-C-T,p.Arg291Ter,stop gained,0,48496,2,194644,0,0.000010275169026530486,0,,,yes
8-32613974-G-A,p.Arg291Gln,missense (MPC < 2),1,48496,0,194644,0.000020620257340811613,0,0,,,
8-32613983-T-C,p.Met294Thr,missense (MPC < 2),6869,42172,14404,78088,0.16288058427392582,0.18445855957381416,,0.060044,-0.029643,
8-32613986-T-C,p.Met295Thr,missense (MPC < 2),0,48496,1,194644,0,0.000005137584513265243,0,,,
8-32614009-C-T,p.His303Tyr,missense (MPC < 2),0,48496,1,194644,0,0.000005137584513265243,0,,,
8-32614017-C-T,c.915C>T(p.=),synonymous,0,48496,2,194644,0,0.000010275169026530486,0,,,
8-32614019-C-A,p.Pro306Gln,missense (MPC < 2),0,48496,1,194644,0,0.000005137584513265243,0,,,
8-32614022-C-T,p.Pro307Leu,missense (MPC < 2),0,48496,1,194644,0,0.000005137584513265243,0,,,
8-32614023-C-G,c.921C>G(p.=),synonymous,0,48496,1,194644,0,0.000005137584513265243,0,,,
8-32614024-C-G,p.Pro308Ala,missense (MPC < 2),0,48496,1,194644,0,0.000005137584513265243,0,,,
8-32614024-C-T,p.Pro308Ser,missense (MPC < 2),0,48496,1,194644,0,0.000005137584513265243,0,,,
8-32614025-C-A,p.Pro308His,missense (MPC < 2),0,48496,1,194644,0,0.000005137584513265243,0,,,
8-32614026-C-G,c.924C>G(p.=),synonymous,0,48496,1,194644,0,0.000005137584513265243,0,,,
8-32614026-C-T,c.924C>T(p.=),synonymous,0,48496,1,194644,0,0.000005137584513265243,0,,,
8-32614033-G-A,p.Val311Ile,missense (MPC < 2),1,48496,0,194644,0.000020620257340811613,0,0,,,
8-32614047-T-A,p.Asn315Lys,missense (MPC < 2),0,48496,3,194644,0,0.00001541275353979573,0,,,
8-32614059-C-G,c.945+12C>G,intron,0,48496,1,194644,0,0.000005137584513265243,0,,,
8-32614065-A-C,c.945+18A>C,intron,0,48496,1,194644,0,0.000005137584513265243,0,,,
8-32614084-C-T,c.945+37C>T,intron,3,48496,1,194644,0.00006186077202243484,0.000005137584513265243,0,,,
8-32614088-C-T,c.945+41C>T,intron,0,48496,2,194644,0,0.000010275169026530486,0,,,
8-32614091-T-G,c.945+44T>G,intron,1,48496,0,194644,0.000020620257340811613,0,0,,,
8-32614093-G-A,c.945+46G>A,intron,0,48496,1,194644,0,0.000005137584513265243,0,,,
8-32616774-T-C,c.946-50T>C,intron,0,48496,1,194644,0,0.000005137584513265243,0,,,
8-32616775-T-G,c.946-49T>G,intron,0,48496,1,194644,0,0.000005137584513265243,0,,,
8-32616779-A-G,c.946-45A>G,intron,0,48496,2,194644,0,0.000010275169026530486,0,,,
8-32616781-G-A,c.946-43G>A,intron,0,48496,1,194644,0,0.000005137584513265243,0,,,
8-32616783-A-G,c.946-41A>G,intron,1,48496,0,194644,0.000020620257340811613,0,0,,,
8-32616784-T-A,c.946-40T>A,intron,0,48496,1,194644,0,0.000005137584513265243,0,,,
8-32616788-C-T,c.946-36C>T,intron,1,48496,0,194644,0.000020620257340811613,0,0,,,
8-32616790-T-C,c.946-34T>C,intron,0,48496,1,194644,0,0.000005137584513265243,0,,,
8-32616793-ATCT-A,c.946-28_946-26delTTC,intron,0,48496,1,194644,0,0.000005137584513265243,0,,,
8-32616799-A-T,c.946-25A>T,intron,0,48496,2,194644,0,0.000010275169026530486,0,,,
8-32616803-T-C,c.946-21T>C,intron,1,48496,1,194644,0.000020620257340811613,0.000005137584513265243,0,,,
8-32616805-T-C,c.946-19T>C,intron,2,48496,6,194644,0.000041240514681623226,0.00003082550707959146,0,,,
8-32616808-CTCTT-C,c.946-14_946-11delCTTT,intron,0,48496,1,194644,0,0.000005137584513265243,0,,,
8-32616827-T-C,p.Tyr317His,missense (MPC < 2),0,48496,1,194644,0,0.000005137584513265243,0,,,
8-32616831-T-C,p.Val318Ala,missense (MPC < 2),0,48496,1,194644,0,0.000005137584513265243,0,,,
8-32616836-A-T,p.Lys320Ter,stop gained,0,48496,1,194644,0,0.000005137584513265243,0,,,yes
8-32616837-A-C,p.Lys320Thr,missense (MPC < 2),0,48496,1,194644,0,0.000005137584513265243,0,,,
8-32616840-A-T,p.Asn321Ile,missense (MPC < 2),0,48496,1,194644,0,0.000005137584513265243,0,,,
8-32616841-C-T,c.963C>T(p.=),synonymous,0,48496,1,194644,0,0.000005137584513265243,0,,,
8-32616842-G-T,p.Val322Phe,missense (MPC < 2),1,48496,1,194644,0.000020620257340811613,0.000005137584513265243,0,,,
8-32616844-C-G,c.966C>G(p.=),synonymous,1,48496,0,194644,0.000020620257340811613,0,0,,,
8-32616848-T-A,p.Ser324Thr,missense (MPC < 2),0,48496,1,194644,0,0.000005137584513265243,0,,,
8-32616848-T-G,p.Ser324Ala,missense (MPC < 2),1,48496,2,194644,0.000020620257340811613,0.000010275169026530486,0,,,
8-32616858-A-T,p.His327Leu,missense (MPC < 2),0,48496,1,194644,0,0.000005137584513265243,0,,,
8-32616863-G-T,p.Val329Phe,missense (MPC < 2),0,48496,1,194644,0,0.000005137584513265243,0,,,
8-32616865-T-C,c.987T>C(p.=),synonymous,0,48496,1,194644,0,0.000005137584513265243,0,,,
8-32616870-G-C,p.Arg331Thr,missense (MPC < 2),0,48496,1,194644,0,0.000005137584513265243,0,,,
8-32616880-G-A,c.1002G>A(p.=),synonymous,1,48496,6,194644,0.000020620257340811613,0.00003082550707959146,0,,,
8-32616884-T-A,p.Ser336Thr,missense (MPC < 2),0,48496,4,194644,0,0.000020550338053060972,0,,,
8-32616884-T-C,p.Ser336Pro,missense (MPC < 2),0,48496,1,194644,0,0.000005137584513265243,0,,,
8-32616893-A-G,p.Thr339Ala,missense (MPC < 2),0,48496,1,194644,0,0.000005137584513265243,0,,,
8-32616899-C-T,p.His341Tyr,missense (MPC < 2),0,48496,1,194644,0,0.000005137584513265243,0,,,
8-32616906-C-T,p.Thr343Ile,missense (MPC < 2),1,48496,0,194644,0.000020620257340811613,0,0,,,
8-32616907-T-C,c.1029T>C(p.=),synonymous,0,48496,1,194644,0,0.000005137584513265243,0,,,
8-32616917-C-T,p.His347Tyr,missense (MPC < 2),0,48496,8,194644,0,0.000041100676106121945,0,,,
8-32616918-A-G,p.His347Arg,missense (MPC < 2),0,48496,1,194644,0,0.000005137584513265243,0,,,
8-32616933-T-C,p.Val352Ala,missense (MPC < 2),0,48496,1,194644,0,0.000005137584513265243,0,,,
8-32616936-C-T,p.Thr353Ile,missense (MPC < 2),0,48496,1,194644,0,0.000005137584513265243,0,,,
8-32616939-A-G,p.Gln354Arg,missense (MPC < 2),0,48496,1,194644,0,0.000005137584513265243,0,,,
8-32616943-T-C,c.1065T>C(p.=),synonymous,0,48496,1,194644,0,0.000005137584513265243,0,,,
8-32616962-A-G,c.1076+8A>G,splice region,0,48496,1,194644,0,0.000005137584513265243,0,,,
8-32616968-A-C,c.1076+14A>C,intron,0,48496,1,194644,0,0.000005137584513265243,0,,,
8-32616977-C-T,c.1076+23C>T,intron,3,48496,3,194644,0.00006186077202243484,0.00001541275353979573,0,,,
8-32616978-G-A,c.1076+24G>A,intron,0,48496,1,194644,0,0.000005137584513265243,0,,,
8-32616984-T-A,c.1076+30T>A,intron,0,48496,1,194644,0,0.000005137584513265243,0,,,
8-32616985-C-A,c.1076+31C>A,intron,0,48496,1,194644,0,0.000005137584513265243,0,,,
8-32616985-C-T,c.1076+31C>T,intron,0,48496,1,194644,0,0.000005137584513265243,0,,,
8-32616990-A-G,c.1076+36A>G,intron,1,48496,1,194644,0.000020620257340811613,0.000005137584513265243,0,,,
8-32616993-A-G,c.1076+39A>G,intron,0,48496,1,194644,0,0.000005137584513265243,0,,,
8-32617667-C-T,c.1077-51C>T,intron,0,48496,2,194644,0,0.000010275169026530486,0,,,
8-32617668-A-G,c.1077-50A>G,intron,0,48496,2,194644,0,0.000010275169026530486,0,,,
8-32617670-A-G,c.1077-48A>G,intron,1,48496,2,194644,0.000020620257340811613,0.000010275169026530486,0,,,
8-32617673-A-C,c.1077-45A>C,intron,0,48496,2,194644,0,0.000010275169026530486,0,,,
8-32617682-C-A,c.1077-36C>A,intron,0,48496,1,194644,0,0.000005137584513265243,0,,,
8-32617682-C-T,c.1077-36C>T,intron,2,48496,3,194644,0.000041240514681623226,0.00001541275353979573,0,,,
8-32617683-G-A,c.1077-35G>A,intron,0,48496,1,194644,0,0.000005137584513265243,0,,,
8-32617692-G-C,c.1077-26G>C,intron,1,48496,1,194644,0.000020620257340811613,0.000005137584513265243,0,,,
8-32617695-T-A,c.1077-23T>A,intron,1,48496,0,194644,0.000020620257340811613,0,0,,,
8-32617698-C-T,c.1077-20C>T,intron,0,48496,1,194644,0,0.000005137584513265243,0,,,
8-32617700-C-G,c.1077-18C>G,intron,0,48496,1,194644,0,0.000005137584513265243,0,,,
8-32617708-T-G,c.1077-10T>G,intron,3,48496,3,194644,0.00006186077202243484,0.00001541275353979573,0,,,
8-32617709-C-T,c.1077-9C>T,intron,1,48496,1,194644,0.000020620257340811613,0.000005137584513265243,0,,,
8-32617713-C-T,c.1077-5C>T,splice region,1331,42238,1990,78354,0.031511908707798665,0.025397554687699414,,0.028555,0.085532,
8-32617714-G-A,c.1077-4G>A,splice region,759,6682,443,8016,0.11358874588446573,0.055264471057884235,,0.50975,-0.013794,
8-32617714-G-T,c.1077-4G>T,splice region,0,48496,2,194644,0,0.000010275169026530486,0,,,
8-32617724-C-T,c.1083C>T(p.=),synonymous,0,48496,1,194644,0,0.000005137584513265243,0,,,
8-32617727-C-T,c.1086C>T(p.=),synonymous,2,48496,1,194644,0.000041240514681623226,0.000005137584513265243,0,,,
8-32617730-A-T,c.1089A>T(p.=),synonymous,0,48496,1,194644,0,0.000005137584513265243,0,,,
8-32617733-C-T,c.1092C>T(p.=),synonymous,1,48496,0,194644,0.000020620257340811613,0,0,,,
8-32617743-A-G,p.Ile368Val,missense (MPC < 2),1,48496,2,194644,0.000020620257340811613,0.000010275169026530486,0,,,
8-32617747-T-C,p.Leu369Pro,missense (MPC < 2),0,48496,1,194644,0,0.000005137584513265243,0,,,
8-32617752-G-A,p.Glu371Lys,missense (MPC < 2),587,6696,342,8014,0.08766427718040622,0.04267531819316197,,0.479,-0.00046554,
8-32617756-G-A,p.Ser372Asn,missense (MPC < 2),1,48496,1,194644,0.000020620257340811613,0.000005137584513265243,0,,,
8-32617760-C-T,c.1119C>T(p.=),synonymous,0,48496,7,194644,0,0.0000359630915928567,0,,,
8-32617762-C-G,p.Ser374Cys,missense (MPC < 2),0,48496,2,194644,0,0.000010275169026530486,0,,,
8-32617769-C-T,c.1128C>T(p.=),synonymous,0,48496,5,194644,0,0.000025687922566326217,0,,,
8-32617770-G-A,p.Val377Met,missense (MPC < 2),1,48496,2,194644,0.000020620257340811613,0.000010275169026530486,0,,,
8-32617770-G-C,p.Val377Leu,missense (MPC < 2),0,48496,1,194644,0,0.000005137584513265243,0,,,
8-32617777-C-T,p.Ser379Leu,missense (MPC < 2),0,48496,1,194644,0,0.000005137584513265243,0,,,
8-32617781-C-T,c.1140C>T(p.=),synonymous,1,48496,1,194644,0.000020620257340811613,0.000005137584513265243,0,,,
8-32617782-G-T,p.Val381Leu,missense (MPC < 2),0,48496,1,194644,0,0.000005137584513265243,0,,,
8-32617798-A-G,p.His386Arg,missense (MPC < 2),0,48496,2,194644,0,0.000010275169026530486,0,,,
8-32617799-C-T,c.1158C>T(p.=),synonymous,0,48496,1,194644,0,0.000005137584513265243,0,,,
8-32617811-T-C,c.1170T>C(p.=),synonymous,0,48496,1,194644,0,0.000005137584513265243,0,,,
8-32617815-G-A,p.Gly392Ser,missense (MPC < 2),0,48496,1,194644,0,0.000005137584513265243,0,,,
8-32617818-C-A,p.Pro393Thr,missense (MPC < 2),0,48496,1,194644,0,0.000005137584513265243,0,,,
8-32617819-C-T,p.Pro393Leu,missense (MPC < 2),0,48496,1,194644,0,0.000005137584513265243,0,,,
8-32617823-A-G,c.1182A>G(p.=),synonymous,0,48496,1,194644,0,0.000005137584513265243,0,,,
8-32617827-C-G,p.Arg396Gly,missense (MPC < 2),0,48496,1,194644,0,0.000005137584513265243,0,,,
8-32617827-C-T,p.Arg396Cys,missense (MPC < 2),0,48496,3,194644,0,0.00001541275353979573,0,,,
8-32617828-G-A,p.Arg396His,missense (MPC < 2),0,48496,1,194644,0,0.000005137584513265243,0,,,
8-32617835-T-A,p.Asn398Lys,missense (MPC < 2),0,48496,1,194644,0,0.000005137584513265243,0,,,
8-32617840-C-T,p.Thr400Ile,missense (MPC < 2),0,48496,1,194644,0,0.000005137584513265243,0,,,
8-32617846-G-A,p.Gly402Asp,missense (MPC < 2),1,48496,0,194644,0.000020620257340811613,0,0,,,
8-32617849-C-T,p.Pro403Leu,missense (MPC < 2),0,48496,2,194644,0,0.000010275169026530486,0,,,
8-32617852-G-A,p.Arg404His,missense (MPC < 2),0,48496,2,194644,0,0.000010275169026530486,0,,,
8-32617858-G-T,p.Cys406Phe,missense (MPC < 2),1,48496,0,194644,0.000020620257340811613,0,0,,,
8-32617874-G-T,p.Arg411Ser,missense (MPC < 2),1,48496,0,194644,0.000020620257340811613,0,0,,,
8-32617875-C-G,p.His412Asp,missense (MPC < 2),0,48496,1,194644,0,0.000005137584513265243,0,,,
8-32617876-A-G,p.His412Arg,missense (MPC < 2),0,48496,1,194644,0,0.000005137584513265243,0,,,
8-32617877-T-A,p.His412Gln,missense (MPC < 2),0,48496,2,194644,0,0.000010275169026530486,0,,,
8-32617878-G-T,p.Ala413Ser,missense (MPC < 2),0,48496,1,194644,0,0.000005137584513265243,0,,,
8-32617888-C-G,p.Thr416Ser,missense (MPC < 2),121,37682,217,59494,0.0032110822143198345,0.0036474266312569335,,0.84657,0.0035077,
8-32617894-A-T,p.Asp418Val,missense (MPC < 2),1,48496,0,194644,0.000020620257340811613,0,0,,,
8-32617902-C-G,p.Arg421Gly,missense (MPC < 2),0,48496,1,194644,0,0.000005137584513265243,0,,,
8-32617903-G-A,p.Arg421Gln,missense (MPC < 2),0,48496,1,194644,0,0.000005137584513265243,0,,,
8-32617911-C-T,p.Pro424Ser,missense (MPC < 2),0,48496,7,194644,0,0.0000359630915928567,0,,,
8-32617912-C-T,p.Pro424Leu,missense (MPC < 2),0,48496,2,194644,0,0.000010275169026530486,0,,,
8-32617915-A-G,p.His425Arg,missense (MPC < 2),0,48496,1,194644,0,0.000005137584513265243,0,,,
8-32617916-T-C,c.1275T>C(p.=),synonymous,0,48496,1,194644,0,0.000005137584513265243,0,,,
8-32617919-T-G,p.Ser426Arg,missense (MPC < 2),0,48496,1,194644,0,0.000005137584513265243,0,,,
8-32617932-C-T,c.1283+8C>T,splice region,0,48496,1,194644,0,0.000005137584513265243,0,,,
8-32617937-G-T,c.1283+13G>T,intron,1,48496,0,194644,0.000020620257340811613,0,0,,,
8-32617941-A-C,c.1283+17A>C,intron,0,48496,2,194644,0,0.000010275169026530486,0,,,
8-32617944-C-A,c.1283+20C>A,intron,0,48496,1,194644,0,0.000005137584513265243,0,,,
8-32617946-A-G,c.1283+22A>G,intron,0,48496,1,194644,0,0.000005137584513265243,0,,,
8-32617953-AG-A,c.1283+31delG,intron,0,48496,1,194644,0,0.000005137584513265243,0,,,
8-32617964-A-G,c.1283+40A>G,intron,0,48496,1,194644,0,0.000005137584513265243,0,,,
8-32617967-C-G,c.1283+43C>G,intron,2,48496,0,194644,0.000041240514681623226,0,0,,,
8-32617974-T-TC,c.1283+53dupC,intron,0,48496,1,194644,0,0.000005137584513265243,0,,,
8-32617977-C-T,c.1283+53C>T,intron,1,48496,0,194644,0.000020620257340811613,0,0,,,
8-32620694-C-T,c.1284-572C>T,intron,0,48496,1,194644,0,0.000005137584513265243,0,,,
8-32620699-A-T,c.1284-567A>T,intron,91,31388,121,48952,0.0028991971454058875,0.002471809119137114,,0.2753,0.13784,
8-32620707-A-G,c.1284-559A>G,intron,1,48496,1,194644,0.000020620257340811613,0.000005137584513265243,0,,,
8-32620712-A-G,c.1284-554A>G,intron,1,48496,0,194644,0.000020620257340811613,0,0,,,
8-32620719-TC-T,c.1284-546delC,intron,0,48496,1,194644,0,0.000005137584513265243,0,,,
8-32620723-T-G,c.1284-543T>G,intron,0,48496,5,194644,0,0.000025687922566326217,0,,,
8-32620736-A-G,c.1284-530A>G,intron,0,48496,1,194644,0,0.000005137584513265243,0,,,
8-32620737-C-T,c.1284-529C>T,intron,0,48496,1,194644,0,0.000005137584513265243,0,,,
8-32620746-A-T,c.1284-520A>T,intron,0,48496,2,194644,0,0.000010275169026530486,0,,,
8-32620747-T-C,c.1284-519T>C,intron,1,48496,0,194644,0.000020620257340811613,0,0,,,
8-32620756-T-A,c.1284-510T>A,intron,0,48496,2,194644,0,0.000010275169026530486,0,,,
8-32620767-A-T,c.1284-499A>T,intron,0,48496,1,194644,0,0.000005137584513265243,0,,,
8-32620769-G-T,c.1284-497G>T,intron,0,48496,1,194644,0,0.000005137584513265243,0,,,
8-32620774-A-G,c.1284-492A>G,intron,0,48496,1,194644,0,0.000005137584513265243,0,,,
8-32620779-T-A,c.1284-487T>A,intron,0,48496,1,194644,0,0.000005137584513265243,0,,,
8-32620793-G-T,c.1284-473G>T,intron,0,48496,2,194644,0,0.000010275169026530486,0,,,
8-32620794-A-G,c.1284-472A>G,intron,0,48496,1,194644,0,0.000005137584513265243,0,,,
8-32620798-A-G,c.1284-468A>G,intron,0,48496,1,194644,0,0.000005137584513265243,0,,,
8-32620802-A-C,c.1284-464A>C,intron,1,48496,0,194644,0.000020620257340811613,0,0,,,
8-32620813-A-C,c.1284-453A>C,intron,0,48496,1,194644,0,0.000005137584513265243,0,,,
8-32620813-A-G,c.1284-453A>G,intron,1,48496,0,194644,0.000020620257340811613,0,0,,,
8-32620833-C-T,c.1284-433C>T,intron,0,48496,1,194644,0,0.000005137584513265243,0,,,
8-32620835-C-G,c.1284-431C>G,intron,0,48496,3,194644,0,0.00001541275353979573,0,,,
8-32620842-G-T,c.1284-424G>T,intron,1,48496,1,194644,0.000020620257340811613,0.000005137584513265243,0,,,
8-32620851-C-G,c.1284-415C>G,intron,0,48496,1,194644,0,0.000005137584513265243,0,,,
8-32620853-C-G,c.1284-413C>G,intron,0,48496,3,194644,0,0.00001541275353979573,0,,,
8-32620855-A-G,c.1284-411A>G,intron,1,48496,0,194644,0.000020620257340811613,0,0,,,
8-32620865-G-C,c.1284-401G>C,intron,0,48496,1,194644,0,0.000005137584513265243,0,,,
8-32620875-A-G,c.1284-391A>G,intron,0,48496,1,194644,0,0.000005137584513265243,0,,,
8-32620880-A-G,c.1284-386A>G,intron,0,48496,1,194644,0,0.000005137584513265243,0,,,
8-32620883-G-A,c.1284-383G>A,intron,0,48496,1,194644,0,0.000005137584513265243,0,,,
8-32620885-A-G,c.1284-381A>G,intron,0,48496,1,194644,0,0.000005137584513265243,0,,,
8-32620897-C-A,c.1284-369C>A,intron,0,48496,1,194644,0,0.000005137584513265243,0,,,
8-32620899-T-A,c.1284-367T>A,intron,0,48496,1,194644,0,0.000005137584513265243,0,,,
8-32621218-T-C,c.1284-48T>C,intron,0,48496,1,194644,0,0.000005137584513265243,0,,,
8-32621223-C-T,c.1284-43C>T,intron,2,48496,0,194644,0.000041240514681623226,0,0,,,
8-32621228-T-A,c.1284-38T>A,intron,1,48496,0,194644,0.000020620257340811613,0,0,,,
8-32621229-G-A,c.1284-37G>A,intron,2,48496,1,194644,0.000041240514681623226,0.000005137584513265243,0,,,
8-32621233-C-T,c.1284-33C>T,intron,0,48496,1,194644,0,0.000005137584513265243,0,,,
8-32621238-T-G,c.1284-28T>G,intron,0,48496,1,194644,0,0.000005137584513265243,0,,,
8-32621242-G-A,c.1284-24G>A,intron,0,48496,1,194644,0,0.000005137584513265243,0,,,
8-32621247-G-T,c.1284-19G>T,intron,0,48496,1,194644,0,0.000005137584513265243,0,,,
8-32621261-C-T,c.1284-5C>T,splice region,0,48496,1,194644,0,0.000005137584513265243,0,,,
8-32621277-C-G,p.Ala432Gly,missense (MPC < 2),0,48496,1,194644,0,0.000005137584513265243,0,,,
8-32621278-C-A,c.1296C>A(p.=),synonymous,1,48496,0,194644,0.000020620257340811613,0,0,,,
8-32621284-C-G,c.1302C>G(p.=),synonymous,0,48496,1,194644,0,0.000005137584513265243,0,,,
8-32621291-G-A,p.Ala437Thr,missense (MPC < 2),0,48496,2,194644,0,0.000010275169026530486,0,,,
8-32621294-C-T,p.Arg438Cys,missense (MPC < 2),0,48496,1,194644,0,0.000005137584513265243,0,,,
8-32621295-G-A,p.Arg438His,missense (MPC < 2),24,17172,37,28644,0.001397624039133473,0.0012917190336545175,,0.28561,0.28584,
8-32621318-A-G,p.Thr446Ala,missense (MPC < 2),1,48496,0,194644,0.000020620257340811613,0,0,,,
8-32621326-C-G,p.Ser448Arg,missense (MPC < 2),1,48496,1,194644,0.000020620257340811613,0.000005137584513265243,0,,,
8-32621337-C-T,p.Ser452Leu,missense (MPC < 2),0,48496,1,194644,0,0.000005137584513265243,0,,,
8-32621341-C-T,c.1359C>T(p.=),synonymous,0,48496,1,194644,0,0.000005137584513265243,0,,,
8-32621342-C-T,p.Pro454Ser,missense (MPC < 2),1,48496,0,194644,0.000020620257340811613,0,0,,,
8-32621343-C-G,p.Pro454Arg,missense (MPC < 2),0,48496,2,194644,0,0.000010275169026530486,0,,,
8-32621343-C-T,p.Pro454Leu,missense (MPC < 2),1,48496,3,194644,0.000020620257340811613,0.00001541275353979573,0,,,
8-32621346-C-T,p.Ser455Leu,missense (MPC < 2),1,48496,4,194644,0.000020620257340811613,0.000020550338053060972,0,,,
8-32621347-G-A,c.1365G>A(p.=),synonymous,0,48496,4,194644,0,0.000020550338053060972,0,,,
8-32621349-A-G,p.Glu456Gly,missense (MPC < 2),5,16048,26,20980,0.0003115653040877368,0.0012392755004766445,,0.0025801,-1.2582,
8-32621351-AT-A,p.Met457SerfsTer8,frameshift,0,48496,1,194644,0,0.000005137584513265243,0,,,yes
8-32621354-T-C,p.Ser458Pro,missense (MPC < 2),0,48496,2,194644,0,0.000010275169026530486,0,,,
8-32621357-C-G,p.Pro459Ala,missense (MPC < 2),0,48496,6,194644,0,0.00003082550707959146,0,,,
8-32621360-C-T,p.Pro460Ser,missense (MPC < 2),0,48496,1,194644,0,0.000005137584513265243,0,,,
8-32621361-C-G,p.Pro460Arg,missense (MPC < 2),1,48496,1,194644,0.000020620257340811613,0.000005137584513265243,0,,,
8-32621362-C-T,c.1380C>T(p.=),synonymous,72,6696,50,8016,0.010752688172043012,0.0062375249500998,,0.92999,-0.16171,
8-32621363-G-A,p.Val461Met,missense (MPC < 2),2,48496,4,194644,0.000041240514681623226,0.000020550338053060972,0,,,
8-32621375-A-G,p.Thr465Ala,missense (MPC < 2),2,48496,0,194644,0.000041240514681623226,0,0,,,
8-32621376-C-T,p.Thr465Met,missense (MPC < 2),0,48496,2,194644,0,0.000010275169026530486,0,,,
8-32621377-G-A,c.1395G>A(p.=),synonymous,0,48496,2,194644,0,0.000010275169026530486,0,,,
8-32621379-T-C,p.Val466Ala,missense (MPC < 2),0,48496,1,194644,0,0.000005137584513265243,0,,,
8-32621382-C-T,p.Ser467Phe,missense (MPC < 2),0,48496,2,194644,0,0.000010275169026530486,0,,,
8-32621384-A-C,p.Met468Leu,missense (MPC < 2),1,48496,0,194644,0.000020620257340811613,0,0,,,
8-32621397-C-T,p.Ala472Val,missense (MPC < 2),2,48496,3,194644,0.000041240514681623226,0.00001541275353979573,0,,,
8-32621398-G-A,c.1416G>A(p.=),synonymous,1,48496,1,194644,0.000020620257340811613,0.000005137584513265243,0,,,
8-32621408-T-C,p.Phe476Leu,missense (MPC < 2),0,48496,1,194644,0,0.000005137584513265243,0,,,
8-32621414-G-A,p.Glu478Lys,missense (MPC < 2),0,48496,1,194644,0,0.000005137584513265243,0,,,
8-32621419-A-G,c.1437A>G(p.=),synonymous,0,48496,1,194644,0,0.000005137584513265243,0,,,
8-32621426-C-A,p.Pro482Thr,missense (MPC < 2),0,48496,1,194644,0,0.000005137584513265243,0,,,
8-32621431-A-G,c.1449A>G(p.=),synonymous,0,48496,1,194644,0,0.000005137584513265243,0,,,
8-32621437-C-T,c.1455C>T(p.=),synonymous,1,48496,0,194644,0.000020620257340811613,0,0,,,
8-32621438-G-C,p.Val486Leu,missense (MPC < 2),1,48496,5,194644,0.000020620257340811613,0.000025687922566326217,0,,,
8-32621451-G-T,p.Arg490Met,missense (MPC < 2),0,48496,2,194644,0,0.000010275169026530486,0,,,
8-32621452-G-A,c.1470G>A(p.=),synonymous,2,48496,0,194644,0.000041240514681623226,0,0,,,
8-32621454-T-A,p.Leu491Gln,missense (MPC < 2),0,48496,1,194644,0,0.000005137584513265243,0,,,
8-32621457-G-A,p.Arg492Gln,missense (MPC < 2),2,48496,0,194644,0.000041240514681623226,0,0,,,
8-32621459-G-A,p.Glu493Lys,missense (MPC < 2),1,48496,2,194644,0.000020620257340811613,0.000010275169026530486,0,,,
8-32621466-A-G,p.Lys495Arg,missense (MPC < 2),0,48496,2,194644,0,0.000010275169026530486,0,,,
8-32621473-C-A,p.Asp497Glu,missense (MPC < 2),0,48496,1,194644,0,0.000005137584513265243,0,,,
8-32621492-A-C,p.Ser504Arg,missense (MPC < 2),0,48496,1,194644,0,0.000005137584513265243,0,,,
8-32621493-G-T,p.Ser504Ile,missense (MPC < 2),0,48496,1,194644,0,0.000005137584513265243,0,,,
8-32621504-C-G,p.His508Asp,missense (MPC < 2),1,48496,0,194644,0.000020620257340811613,0,0,,,
8-32621509-C-T,c.1527C>T(p.=),synonymous,1,48496,0,194644,0.000020620257340811613,0,0,,,
8-32621512-C-G,c.1530C>G(p.=),synonymous,0,48496,1,194644,0,0.000005137584513265243,0,,,
8-32621514-C-T,p.Ala511Val,missense (MPC < 2),0,48496,1,194644,0,0.000005137584513265243,0,,,
8-32621517-A-G,p.His512Arg,missense (MPC < 2),0,48496,1,194644,0,0.000005137584513265243,0,,,
8-32621523-G-A,p.Ser514Asn,missense (MPC < 2),0,48496,1,194644,0,0.000005137584513265243,0,,,
8-32621524-T-G,p.Ser514Arg,missense (MPC < 2),0,48496,1,194644,0,0.000005137584513265243,0,,,
8-32621527-C-G,p.Asn515Lys,missense (MPC < 2),0,48496,1,194644,0,0.000005137584513265243,0,,,
8-32621531-C-A,p.Leu517Ile,missense (MPC < 2),0,48496,1,194644,0,0.000005137584513265243,0,,,
8-32621531-C-T,p.Leu517Phe,missense (MPC < 2),1,48496,0,194644,0.000020620257340811613,0,0,,,
8-32621535-C-T,p.Pro518Leu,missense (MPC < 2),1,48496,0,194644,0.000020620257340811613,0,0,,,
8-32621540-A-G,p.Ser520Gly,missense (MPC < 2),0,48496,3,194644,0,0.00001541275353979573,0,,,
8-32621545-C-G,c.1563C>G(p.=),synonymous,1,48496,0,194644,0.000020620257340811613,0,0,,,
8-32621546-T-C,c.1564T>C(p.=),synonymous,0,48496,1,194644,0,0.000005137584513265243,0,,,
8-32621552-A-G,p.Ile524Val,missense (MPC < 2),0,48496,1,194644,0,0.000005137584513265243,0,,,
8-32621556-TG-T,p.Glu526ArgfsTer62,frameshift,0,48496,1,194644,0,0.000005137584513265243,0,,,yes
8-32621562-A-T,p.Asp527Val,missense (MPC < 2),2,48496,0,194644,0.000041240514681623226,0,0,,,
8-32621577-C-T,p.Thr532Met,missense (MPC < 2),0,48496,3,194644,0,0.00001541275353979573,0,,,
8-32621578-G-A,c.1596G>A(p.=),synonymous,1,48496,0,194644,0.000020620257340811613,0,0,,,
8-32621578-G-C,c.1596G>C(p.=),synonymous,0,48496,1,194644,0,0.000005137584513265243,0,,,
8-32621585-G-A,p.Glu535Lys,missense (MPC < 2),0,48496,1,194644,0,0.000005137584513265243,0,,,
8-32621591-G-A,p.Glu537Lys,missense (MPC < 2),0,48496,1,194644,0,0.000005137584513265243,0,,,
8-32621606-C-G,p.Pro542Ala,missense (MPC < 2),0,48496,1,194644,0,0.000005137584513265243,0,,,
8-32621621-G-T,p.Ala547Ser,missense (MPC < 2),1,48496,1,194644,0.000020620257340811613,0.000005137584513265243,0,,,
8-32621630-C-T,p.Arg550Trp,missense (MPC < 2),773,42282,1554,78422,0.018282011257745614,0.019815867996225547,,0.49968,-0.046088,
8-32621631-G-A,p.Arg550Gln,missense (MPC < 2),377,6700,230,8018,0.05626865671641791,0.028685457720129707,,0.63768,-0.057416,
8-32621637-C-A,p.Ala552Asp,missense (MPC < 2),0,48496,1,194644,0,0.000005137584513265243,0,,,
8-32621637-C-T,p.Ala552Val,missense (MPC < 2),27,16364,144,42892,0.0016499633341481301,0.003357269420871025,,0.87403,0.021349,
8-32621649-A-C,p.Lys556Thr,missense (MPC < 2),0,48496,1,194644,0,0.000005137584513265243,0,,,
8-32621654-A-C,p.Asn558His,missense (MPC < 2),0,48496,3,194644,0,0.00001541275353979573,0,,,
8-32621655-A-G,p.Asn558Ser,missense (MPC < 2),1,48496,4,194644,0.000020620257340811613,0.000020550338053060972,0,,,
8-32621661-A-G,p.His560Arg,missense (MPC < 2),0,48496,1,194644,0,0.000005137584513265243,0,,,
8-32621666-G-A,p.Ala562Thr,missense (MPC < 2),1,48496,0,194644,0.000020620257340811613,0,0,,,
8-32621671-C-T,c.1689C>T(p.=),synonymous,0,48496,1,194644,0,0.000005137584513265243,0,,,
8-32621680-A-G,c.1698A>G(p.=),synonymous,1,48496,1,194644,0.000020620257340811613,0.000005137584513265243,0,,,
8-32621681-G-A,p.Val567Met,missense (MPC < 2),0,48496,1,194644,0,0.000005137584513265243,0,,,
8-32621682-T-C,p.Val567Ala,missense (MPC < 2),1,48496,0,194644,0.000020620257340811613,0,0,,,
8-32621686-C-T,c.1704C>T(p.=),synonymous,0,48496,1,194644,0,0.000005137584513265243,0,,,
8-32621689-C-T,c.1707C>T(p.=),synonymous,0,48496,1,194644,0,0.000005137584513265243,0,,,
8-32621691-A-G,p.Asn570Ser,missense (MPC < 2),1,48496,1,194644,0.000020620257340811613,0.000005137584513265243,0,,,
8-32621700-C-T,p.Ser573Phe,missense (MPC < 2),0,48496,1,194644,0,0.000005137584513265243,0,,,
8-32621713-C-G,p.Asn577Lys,missense (MPC < 2),0,48496,1,194644,0,0.000005137584513265243,0,,,
8-32621721-G-A,p.Ser580Asn,missense (MPC < 2),0,48496,1,194644,0,0.000005137584513265243,0,,,
8-32621727-C-T,p.Thr582Ile,missense (MPC < 2),0,48496,1,194644,0,0.000005137584513265243,0,,,
8-32621731-A-C,p.Glu583Asp,missense (MPC < 2),0,48496,2,194644,0,0.000010275169026530486,0,,,
8-32621738-A-G,p.Arg586Gly,missense (MPC < 2),0,48496,2,194644,0,0.000010275169026530486,0,,,
8-32621741-G-A,p.Val587Ile,missense (MPC < 2),0,48496,2,194644,0,0.000010275169026530486,0,,,
8-32621741-G-C,p.Val587Leu,missense (MPC < 2),0,48496,1,194644,0,0.000005137584513265243,0,,,
8-32621754-C-T,p.Thr591Met,missense (MPC < 2),1,48496,3,194644,0.000020620257340811613,0.00001541275353979573,0,,,
8-32621755-G-A,c.1773G>A(p.=),synonymous,1,48496,0,194644,0.000020620257340811613,0,0,,,
8-32621756-C-A,p.Pro592Thr,missense (MPC < 2),0,48496,1,194644,0,0.000005137584513265243,0,,,
8-32621763-T-A,p.Leu594Gln,missense (MPC < 2),0,48496,1,194644,0,0.000005137584513265243,0,,,
8-32621764-G-A,c.1782G>A(p.=),synonymous,0,48496,2,194644,0,0.000010275169026530486,0,,,
8-32621764-G-C,c.1782G>C(p.=),synonymous,1,48496,0,194644,0.000020620257340811613,0,0,,,
8-32621773-G-C,p.Gln597His,missense (MPC < 2),1,48496,0,194644,0.000020620257340811613,0,0,,,
8-32621776-C-T,c.1794C>T(p.=),synonymous,0,48496,1,194644,0,0.000005137584513265243,0,,,
8-32621780-C-T,c.1798C>T(p.=),synonymous,0,48496,1,194644,0,0.000005137584513265243,0,,,
8-32621781-T-G,p.Leu600Arg,missense (MPC < 2),0,48496,1,194644,0,0.000005137584513265243,0,,,
8-32621805-C-A,p.Pro608His,missense (MPC < 2),762,6690,441,8014,0.11390134529147983,0.05502869977539306,,0.67501,-0.0037839,
8-32621810-T-C,p.Phe610Leu,missense (MPC < 2),0,48496,1,194644,0,0.000005137584513265243,0,,,
8-32621839-A-G,c.1857A>G(p.=),synonymous,0,48496,1,194644,0,0.000005137584513265243,0,,,
8-32621844-G-T,p.Gly621Val,missense (MPC < 2),436,17108,994,40662,0.025485153144727612,0.02444542816388766,,0.15548,0.10171,
8-32621853-C-T,p.Ser624Leu,missense (MPC < 2),1,48496,3,194644,0.000020620257340811613,0.00001541275353979573,0,,,
8-32621856-C-T,p.Thr625Ile,missense (MPC < 2),1,48496,2,194644,0.000020620257340811613,0.000010275169026530486,0,,,
8-32621859-A-G,p.Gln626Arg,missense (MPC < 2),0,48496,1,194644,0,0.000005137584513265243,0,,,
8-32621873-G-A,p.Ala631Thr,missense (MPC < 2),0,48496,2,194644,0,0.000010275169026530486,0,,,
8-32621875-C-T,c.1893C>T(p.=),synonymous,0,48496,1,194644,0,0.000005137584513265243,0,,,
8-32621877-G-A,p.Arg632Lys,missense (MPC < 2),0,48496,1,194644,0,0.000005137584513265243,0,,,
8-32621879-C-G,p.Leu633Val,missense (MPC < 2),0,48496,1,194644,0,0.000005137584513265243,0,,,
8-32621884-T-C,c.1902T>C(p.=),synonymous,0,48496,1,194644,0,0.000005137584513265243,0,,,
8-32621890-A-G,c.1908A>G(p.=),synonymous,0,48496,2,194644,0,0.000010275169026530486,0,,,
8-32621897-A-T,p.Asn639Tyr,missense (MPC < 2),0,48496,1,194644,0,0.000005137584513265243,0,,,
8-32621917-A-T,c.1935A>T(p.=),synonymous,0,48496,1,194644,0,0.000005137584513265243,0,,,
8-32621923-C-A,c.*3C>A,"3' UTR",0,48496,2,194644,0,0.000010275169026530486,0,,,
8-32621928-A-G,c.*8A>G,"3' UTR",0,48496,2,194644,0,0.000010275169026530486,0,,,
8-32621932-A-T,c.*12A>T,"3' UTR",0,48496,1,194644,0,0.000005137584513265243,0,,,
8-32621936-A-C,c.*16A>C,"3' UTR",0,48496,1,194644,0,0.000005137584513265243,0,,,
8-32621936-A-G,c.*16A>G,"3' UTR",1,48496,2,194644,0.000020620257340811613,0.000010275169026530486,0,,,
8-32621944-A-G,c.*24A>G,"3' UTR",0,48496,1,194644,0,0.000005137584513265243,0,,,
8-32621946-C-T,c.*26C>T,"3' UTR",0,48496,1,194644,0,0.000005137584513265243,0,,,
8-32621958-A-G,c.*38A>G,"3' UTR",0,48496,1,194644,0,0.000005137584513265243,0,,,
8-32621967-A-G,c.*47A>G,"3' UTR",0,48496,1,194644,0,0.000005137584513265243,0,,,
